# DUMP FILE
# Database is ported from MS Access
USE `H_Accounting`;

DROP TABLE IF EXISTS `format_column`;
DROP TABLE IF EXISTS `format`;
DROP TABLE IF EXISTS `criterion`;
DROP TABLE IF EXISTS `company_user`;
DROP TABLE IF EXISTS `company_type_id`;
DROP TABLE IF EXISTS `company_address`;
DROP TABLE IF EXISTS `account`;
DROP TABLE IF EXISTS `statement_section`;
DROP TABLE IF EXISTS `user`;
DROP TABLE IF EXISTS `company`;

# Table structure for table 'company' #1
CREATE TABLE `company` (
  `company_id` INTEGER NOT NULL DEFAULT 0, 
  `company_code` VARCHAR(20) DEFAULT '', 
  `company` VARCHAR(255) NOT NULL DEFAULT '', 
  `control` VARCHAR(255) NOT NULL DEFAULT '', 
  UNIQUE (`company_id`), 
  PRIMARY KEY (`company_id`)
) ;

# Dumping data for table 'company'
INSERT INTO `company` (`company_id`, `company_code`, `company`, `control`) VALUES (-1, 'SP', 'FOR COMPANIES WHICH WILL WORK WITH SOFTWARE IN SPANISH', '');
INSERT INTO `company` (`company_id`, `company_code`, `company`, `control`) VALUES (0, '', '', '');
INSERT INTO `company` (`company_id`, `company_code`, `company`, `control`) VALUES (1, 'WDI', 'WiiDevelop, Inc.', '88RSOELRTL44LCMM');
# 3 records

# Table structure for table 'user' #2
CREATE TABLE `user` (
  `user_id` INTEGER NOT NULL, 
  `user_code` VARCHAR(20) NOT NULL DEFAULT '', 
  `user` VARCHAR(255) NOT NULL DEFAULT '', 
  PRIMARY KEY (`user_id`), 
  UNIQUE (`user_id`)
) ;

# Dumping data for table 'user'
INSERT INTO `user` (`user_id`, `user_code`, `user`) VALUES (0, '', '');
INSERT INTO `user` (`user_id`, `user_code`, `user`) VALUES (2, 'ADMIN', 'ADMINISTRATOR');
INSERT INTO `user` (`user_id`, `user_code`, `user`) VALUES (3, 'VPU', 'Vicky Prescot');
INSERT INTO `user` (`user_id`, `user_code`, `user`) VALUES (4, 'FRMS', 'User FRMS');
# 4 records

# Table structure for table 'statement_section' #3
CREATE TABLE `statement_section` (
  `statement_section_id` INTEGER NOT NULL, 
  `company_id` INTEGER NOT NULL DEFAULT 0, 
  `statement_section_code` VARCHAR(20) NOT NULL DEFAULT '', 
  `statement_section` VARCHAR(100) NOT NULL DEFAULT '', 
  `statement_section_order` INTEGER NOT NULL DEFAULT 0, 
  `is_balance_sheet_section` TINYINT(3) UNSIGNED NOT NULL DEFAULT 0, 
  `debit_is_positive` TINYINT(3) UNSIGNED NOT NULL DEFAULT 0, 

  PRIMARY KEY (`statement_section_id`),
  
  KEY `fkIdx_31` (`company_id`) ,
  CONSTRAINT `FK_31` FOREIGN KEY `fkIdx_31` (`company_id`) REFERENCES `company` (`company_id`)
  
) ;

SET autocommit=0;
# Dumping data for table 'statement_section'
INSERT INTO `statement_section` (`statement_section_id`, `company_id`, `statement_section_code`, `statement_section`, `statement_section_order`, `is_balance_sheet_section`, `debit_is_positive`) VALUES (0, 0, '', '', 0, 0, 0);
INSERT INTO `statement_section` (`statement_section_id`, `company_id`, `statement_section_code`, `statement_section`, `statement_section_order`, `is_balance_sheet_section`, `debit_is_positive`) VALUES (1, -1, 'AC', 'ACTIVO CIRCULANTE', 1, 1, 1);
INSERT INTO `statement_section` (`statement_section_id`, `company_id`, `statement_section_code`, `statement_section`, `statement_section_order`, `is_balance_sheet_section`, `debit_is_positive`) VALUES (2, -1, 'ANCF', 'ACTIVO NO CIRCULANTE FIJO', 2, 1, 1);
INSERT INTO `statement_section` (`statement_section_id`, `company_id`, `statement_section_code`, `statement_section`, `statement_section_order`, `is_balance_sheet_section`, `debit_is_positive`) VALUES (3, -1, 'ANCD', 'ACTIVO NO CIRCULANTE DIFERIDO', 3, 1, 1);
INSERT INTO `statement_section` (`statement_section_id`, `company_id`, `statement_section_code`, `statement_section`, `statement_section_order`, `is_balance_sheet_section`, `debit_is_positive`) VALUES (4, -1, 'PC', 'PASIVO CIRCULANTE', 4, 1, 0);
INSERT INTO `statement_section` (`statement_section_id`, `company_id`, `statement_section_code`, `statement_section`, `statement_section_order`, `is_balance_sheet_section`, `debit_is_positive`) VALUES (5, -1, 'PF', 'PASIVO FIJO', 5, 1, 0);
INSERT INTO `statement_section` (`statement_section_id`, `company_id`, `statement_section_code`, `statement_section`, `statement_section_order`, `is_balance_sheet_section`, `debit_is_positive`) VALUES (6, -1, 'PD', 'PASIVO DIFERIDO', 6, 1, 0);
INSERT INTO `statement_section` (`statement_section_id`, `company_id`, `statement_section_code`, `statement_section`, `statement_section_order`, `is_balance_sheet_section`, `debit_is_positive`) VALUES (7, -1, 'CC', 'CAPITAL CONTABLE', 7, 1, 0);
INSERT INTO `statement_section` (`statement_section_id`, `company_id`, `statement_section_code`, `statement_section`, `statement_section_order`, `is_balance_sheet_section`, `debit_is_positive`) VALUES (8, -1, 'VE', 'VENTAS', 1, 0, 0);
INSERT INTO `statement_section` (`statement_section_id`, `company_id`, `statement_section_code`, `statement_section`, `statement_section_order`, `is_balance_sheet_section`, `debit_is_positive`) VALUES (9, -1, 'RV', 'REB. DEV. VENTAS', 2, 0, 1);
INSERT INTO `statement_section` (`statement_section_id`, `company_id`, `statement_section_code`, `statement_section`, `statement_section_order`, `is_balance_sheet_section`, `debit_is_positive`) VALUES (10, -1, 'CO', 'COMPRAS', 3, 0, 1);
INSERT INTO `statement_section` (`statement_section_id`, `company_id`, `statement_section_code`, `statement_section`, `statement_section_order`, `is_balance_sheet_section`, `debit_is_positive`) VALUES (11, -1, 'RC', 'REBAJAS COMPRAS', 4, 0, 0);
INSERT INTO `statement_section` (`statement_section_id`, `company_id`, `statement_section_code`, `statement_section`, `statement_section_order`, `is_balance_sheet_section`, `debit_is_positive`) VALUES (12, -1, 'DC', 'DEVOLUCIONES COMPRAS', 5, 0, 0);
INSERT INTO `statement_section` (`statement_section_id`, `company_id`, `statement_section_code`, `statement_section`, `statement_section_order`, `is_balance_sheet_section`, `debit_is_positive`) VALUES (13, -1, 'GC', 'GASTOS SOBRE COMPRAS', 6, 0, 0);
INSERT INTO `statement_section` (`statement_section_id`, `company_id`, `statement_section_code`, `statement_section`, `statement_section_order`, `is_balance_sheet_section`, `debit_is_positive`) VALUES (14, -1, 'CV', 'COSTO DE VENTAS', 7, 0, 1);
INSERT INTO `statement_section` (`statement_section_id`, `company_id`, `statement_section_code`, `statement_section`, `statement_section_order`, `is_balance_sheet_section`, `debit_is_positive`) VALUES (15, -1, 'GA', 'GASTOS ADMINISTRATIVOS', 8, 0, 1);
INSERT INTO `statement_section` (`statement_section_id`, `company_id`, `statement_section_code`, `statement_section`, `statement_section_order`, `is_balance_sheet_section`, `debit_is_positive`) VALUES (16, -1, 'GV', 'GASTOS DE VENTAS', 9, 0, 1);
INSERT INTO `statement_section` (`statement_section_id`, `company_id`, `statement_section_code`, `statement_section`, `statement_section_order`, `is_balance_sheet_section`, `debit_is_positive`) VALUES (17, -1, 'OG', 'OTROS GASTOS', 10, 0, 1);
INSERT INTO `statement_section` (`statement_section_id`, `company_id`, `statement_section_code`, `statement_section`, `statement_section_order`, `is_balance_sheet_section`, `debit_is_positive`) VALUES (18, -1, 'OI', 'OTROS INGRESOS', 11, 0, 0);
INSERT INTO `statement_section` (`statement_section_id`, `company_id`, `statement_section_code`, `statement_section`, `statement_section_order`, `is_balance_sheet_section`, `debit_is_positive`) VALUES (19, -1, 'IS', 'ISR', 12, 0, 1);
INSERT INTO `statement_section` (`statement_section_id`, `company_id`, `statement_section_code`, `statement_section`, `statement_section_order`, `is_balance_sheet_section`, `debit_is_positive`) VALUES (20, -1, 'PT', 'PTU', 13, 0, 1);
INSERT INTO `statement_section` (`statement_section_id`, `company_id`, `statement_section_code`, `statement_section`, `statement_section_order`, `is_balance_sheet_section`, `debit_is_positive`) VALUES (61, 1, 'CA', 'CURRENT ASSETS', 1, 1, 1);
INSERT INTO `statement_section` (`statement_section_id`, `company_id`, `statement_section_code`, `statement_section`, `statement_section_order`, `is_balance_sheet_section`, `debit_is_positive`) VALUES (62, 1, 'FA', 'FIXED ASSETS', 2, 1, 1);
INSERT INTO `statement_section` (`statement_section_id`, `company_id`, `statement_section_code`, `statement_section`, `statement_section_order`, `is_balance_sheet_section`, `debit_is_positive`) VALUES (63, 1, 'DA', 'DEFERRED ASSETS', 3, 1, 1);
INSERT INTO `statement_section` (`statement_section_id`, `company_id`, `statement_section_code`, `statement_section`, `statement_section_order`, `is_balance_sheet_section`, `debit_is_positive`) VALUES (64, 1, 'CL', 'CURRENT LIABILITIES', 4, 1, 0);
INSERT INTO `statement_section` (`statement_section_id`, `company_id`, `statement_section_code`, `statement_section`, `statement_section_order`, `is_balance_sheet_section`, `debit_is_positive`) VALUES (65, 1, 'LLL', 'LONG-TERM LIABILITIES', 5, 1, 0);
INSERT INTO `statement_section` (`statement_section_id`, `company_id`, `statement_section_code`, `statement_section`, `statement_section_order`, `is_balance_sheet_section`, `debit_is_positive`) VALUES (66, 1, 'DL', 'DEFERRED LIABILITIES', 6, 1, 0);
INSERT INTO `statement_section` (`statement_section_id`, `company_id`, `statement_section_code`, `statement_section`, `statement_section_order`, `is_balance_sheet_section`, `debit_is_positive`) VALUES (67, 1, 'EQ', 'EQUITY', 7, 1, 0);
INSERT INTO `statement_section` (`statement_section_id`, `company_id`, `statement_section_code`, `statement_section`, `statement_section_order`, `is_balance_sheet_section`, `debit_is_positive`) VALUES (68, 1, 'REV', 'REVENUE', 1, 0, 0);
INSERT INTO `statement_section` (`statement_section_id`, `company_id`, `statement_section_code`, `statement_section`, `statement_section_order`, `is_balance_sheet_section`, `debit_is_positive`) VALUES (69, 1, 'RET', 'RETURNS, REFUNDS, DISCOUNTS', 2, 0, 1);
INSERT INTO `statement_section` (`statement_section_id`, `company_id`, `statement_section_code`, `statement_section`, `statement_section_order`, `is_balance_sheet_section`, `debit_is_positive`) VALUES (74, 1, 'COGS', 'COST OF GOODS AND SERVICES', 7, 0, 1);
INSERT INTO `statement_section` (`statement_section_id`, `company_id`, `statement_section_code`, `statement_section`, `statement_section_order`, `is_balance_sheet_section`, `debit_is_positive`) VALUES (75, 1, 'GEXP', 'ADMINISTRATIVE EXPENSES', 8, 0, 1);
INSERT INTO `statement_section` (`statement_section_id`, `company_id`, `statement_section_code`, `statement_section`, `statement_section_order`, `is_balance_sheet_section`, `debit_is_positive`) VALUES (76, 1, 'SEXP', 'SELLING EXPENSES', 9, 0, 1);
INSERT INTO `statement_section` (`statement_section_id`, `company_id`, `statement_section_code`, `statement_section`, `statement_section_order`, `is_balance_sheet_section`, `debit_is_positive`) VALUES (77, 1, 'OEXP', 'OTHER EXPENSES', 10, 0, 1);
INSERT INTO `statement_section` (`statement_section_id`, `company_id`, `statement_section_code`, `statement_section`, `statement_section_order`, `is_balance_sheet_section`, `debit_is_positive`) VALUES (78, 1, 'OI', 'OTHER INCOME', 11, 0, 0);
INSERT INTO `statement_section` (`statement_section_id`, `company_id`, `statement_section_code`, `statement_section`, `statement_section_order`, `is_balance_sheet_section`, `debit_is_positive`) VALUES (79, 1, 'INCTAX', 'INCOME TAX', 12, 0, 1);
INSERT INTO `statement_section` (`statement_section_id`, `company_id`, `statement_section_code`, `statement_section`, `statement_section_order`, `is_balance_sheet_section`, `debit_is_positive`) VALUES (80, 1, 'OTHTAX', 'OTHER TAX', 13, 0, 1);
# 37 records
COMMIT;

# Table structure for table 'account' 4
CREATE TABLE `account` (
  `account_id` INTEGER NOT NULL , 
  `company_id` INTEGER NOT NULL DEFAULT 0, 
  `account_code` VARCHAR(100) NOT NULL DEFAULT '', 
  `account` VARCHAR(100) NOT NULL DEFAULT '', 
  `balance_sheet_order` INTEGER NOT NULL DEFAULT 0, 
  `profit_loss_order` INTEGER NOT NULL DEFAULT 0, 
  `postable` INTEGER NOT NULL DEFAULT 0, 
  `visible_for_posting` INTEGER NOT NULL DEFAULT 0, 
  `inventory_type` INTEGER NOT NULL DEFAULT 0, 
  `bank_account_type` INTEGER DEFAULT 0, 
  `balance_sheet_section_id` INTEGER NOT NULL DEFAULT 0, 
  `profit_loss_section_id` INTEGER NOT NULL DEFAULT 0, 
  `fiscal_id` INTEGER NOT NULL DEFAULT 0, 
  `last_modified` TIMESTAMP NOT NULL DEFAULT CURRENT_TIMESTAMP, 
  `user_id` INTEGER NOT NULL DEFAULT 0, 
  
  PRIMARY KEY (`account_id`),
  
  KEY `fkIdx_41` (`company_id`) ,
  CONSTRAINT `FK_41` FOREIGN KEY `fkIdx_41` (`company_id`) REFERENCES `company` (`company_id`),
  
  KEY `fkIdx_42` (`user_id`) ,
  CONSTRAINT `FK_42` FOREIGN KEY `fkIdx_42` (`user_id`) REFERENCES `user` (`user_id`),
  
  KEY `fkIdx_43a` (`balance_sheet_section_id`) ,
  CONSTRAINT `FK_43a` FOREIGN KEY `fkIdx_43a` (`balance_sheet_section_id`) REFERENCES `statement_section` (`statement_section_id`),
  
  KEY `fkIdx_43b` (`profit_loss_section_id`) ,
  CONSTRAINT `FK_43b` FOREIGN KEY `fkIdx_43b` (`profit_loss_section_id`) REFERENCES `statement_section` (`statement_section_id`)
  
) ;

SET autocommit=0;
# Dumping data for table 'account'
INSERT INTO `account` (`account_id`, `company_id`, `account_code`, `account`, `balance_sheet_order`, `profit_loss_order`, `postable`, `visible_for_posting`, `inventory_type`, `bank_account_type`, `balance_sheet_section_id`, `profit_loss_section_id`, `fiscal_id`, `last_modified`, `user_id`) VALUES (0, 0, '', '', 0, 0, 0, 0, 0, 0, 0, 0, 0, '2002-04-10 13:39:36', 0);
INSERT INTO `account` (`account_id`, `company_id`, `account_code`, `account`, `balance_sheet_order`, `profit_loss_order`, `postable`, `visible_for_posting`, `inventory_type`, `bank_account_type`, `balance_sheet_section_id`, `profit_loss_section_id`, `fiscal_id`, `last_modified`, `user_id`) VALUES (1, -1, '1110', 'CAJA', 1, 0, 0, 1, 0, 0, 1, 0, 0, '2002-04-10 13:54:15', 0);
INSERT INTO `account` (`account_id`, `company_id`, `account_code`, `account`, `balance_sheet_order`, `profit_loss_order`, `postable`, `visible_for_posting`, `inventory_type`, `bank_account_type`, `balance_sheet_section_id`, `profit_loss_section_id`, `fiscal_id`, `last_modified`, `user_id`) VALUES (2, -1, '1120', 'BANCOS', 2, 0, 0, 1, 0, 0, 1, 0, 0, '2002-04-10 13:56:09', 0);
INSERT INTO `account` (`account_id`, `company_id`, `account_code`, `account`, `balance_sheet_order`, `profit_loss_order`, `postable`, `visible_for_posting`, `inventory_type`, `bank_account_type`, `balance_sheet_section_id`, `profit_loss_section_id`, `fiscal_id`, `last_modified`, `user_id`) VALUES (3, -1, '1140', 'INVERSIONES EN VALORES', 3, 0, 0, 1, 0, 0, 1, 0, 0, '2002-04-10 13:58:43', 0);
INSERT INTO `account` (`account_id`, `company_id`, `account_code`, `account`, `balance_sheet_order`, `profit_loss_order`, `postable`, `visible_for_posting`, `inventory_type`, `bank_account_type`, `balance_sheet_section_id`, `profit_loss_section_id`, `fiscal_id`, `last_modified`, `user_id`) VALUES (4, -1, '1150', 'CLIENTES', 4, 0, 0, 1, 0, 0, 1, 0, 0, '2002-04-10 14:00:34', 0);
INSERT INTO `account` (`account_id`, `company_id`, `account_code`, `account`, `balance_sheet_order`, `profit_loss_order`, `postable`, `visible_for_posting`, `inventory_type`, `bank_account_type`, `balance_sheet_section_id`, `profit_loss_section_id`, `fiscal_id`, `last_modified`, `user_id`) VALUES (5, -1, '1160', 'ALMACEN', 5, 0, 0, 1, 0, 0, 1, 0, 0, '2002-04-10 14:01:36', 0);
INSERT INTO `account` (`account_id`, `company_id`, `account_code`, `account`, `balance_sheet_order`, `profit_loss_order`, `postable`, `visible_for_posting`, `inventory_type`, `bank_account_type`, `balance_sheet_section_id`, `profit_loss_section_id`, `fiscal_id`, `last_modified`, `user_id`) VALUES (6, -1, '1170', 'DEUDORES DIVERSOS', 6, 0, 0, 1, 0, 0, 1, 0, 0, '2002-04-10 14:03:21', 0);
INSERT INTO `account` (`account_id`, `company_id`, `account_code`, `account`, `balance_sheet_order`, `profit_loss_order`, `postable`, `visible_for_posting`, `inventory_type`, `bank_account_type`, `balance_sheet_section_id`, `profit_loss_section_id`, `fiscal_id`, `last_modified`, `user_id`) VALUES (7, -1, '1175', 'IMPUESTOS POR RECUPERAR', 7, 0, 0, 1, 0, 0, 1, 0, 0, '2002-04-10 15:28:26', 0);
INSERT INTO `account` (`account_id`, `company_id`, `account_code`, `account`, `balance_sheet_order`, `profit_loss_order`, `postable`, `visible_for_posting`, `inventory_type`, `bank_account_type`, `balance_sheet_section_id`, `profit_loss_section_id`, `fiscal_id`, `last_modified`, `user_id`) VALUES (8, -1, '1176', 'I.S.R. ACREDITABLE', 8, 0, 0, 1, 0, 0, 1, 0, 0, '2002-04-10 15:29:07', 0);
INSERT INTO `account` (`account_id`, `company_id`, `account_code`, `account`, `balance_sheet_order`, `profit_loss_order`, `postable`, `visible_for_posting`, `inventory_type`, `bank_account_type`, `balance_sheet_section_id`, `profit_loss_section_id`, `fiscal_id`, `last_modified`, `user_id`) VALUES (9, -1, '1177', 'IVA PENDIENTE DE ACREDITAR', 9, 0, 0, 1, 0, 0, 1, 0, 0, '2002-04-10 15:29:51', 0);
INSERT INTO `account` (`account_id`, `company_id`, `account_code`, `account`, `balance_sheet_order`, `profit_loss_order`, `postable`, `visible_for_posting`, `inventory_type`, `bank_account_type`, `balance_sheet_section_id`, `profit_loss_section_id`, `fiscal_id`, `last_modified`, `user_id`) VALUES (10, -1, '1177-001', 'IVA POR HONORARIOS', 1, 0, 1, 1, 0, 0, 1, 0, 0, '2002-04-10 15:30:40', 0);
INSERT INTO `account` (`account_id`, `company_id`, `account_code`, `account`, `balance_sheet_order`, `profit_loss_order`, `postable`, `visible_for_posting`, `inventory_type`, `bank_account_type`, `balance_sheet_section_id`, `profit_loss_section_id`, `fiscal_id`, `last_modified`, `user_id`) VALUES (11, -1, '1177-002', 'IVA POR ARRENDAMIENTO', 2, 0, 1, 1, 0, 0, 1, 0, 0, '2002-04-10 15:31:35', 0);
INSERT INTO `account` (`account_id`, `company_id`, `account_code`, `account`, `balance_sheet_order`, `profit_loss_order`, `postable`, `visible_for_posting`, `inventory_type`, `bank_account_type`, `balance_sheet_section_id`, `profit_loss_section_id`, `fiscal_id`, `last_modified`, `user_id`) VALUES (12, -1, '1180', 'DOCUMENTOS POR COBRAR', 10, 0, 0, 1, 0, 0, 1, 0, 0, '2002-04-10 15:32:32', 0);
INSERT INTO `account` (`account_id`, `company_id`, `account_code`, `account`, `balance_sheet_order`, `profit_loss_order`, `postable`, `visible_for_posting`, `inventory_type`, `bank_account_type`, `balance_sheet_section_id`, `profit_loss_section_id`, `fiscal_id`, `last_modified`, `user_id`) VALUES (13, -1, '1190', 'IVA ACREDITABLE', 11, 0, 0, 1, 0, 0, 1, 0, 0, '2002-04-10 15:33:10', 0);
INSERT INTO `account` (`account_id`, `company_id`, `account_code`, `account`, `balance_sheet_order`, `profit_loss_order`, `postable`, `visible_for_posting`, `inventory_type`, `bank_account_type`, `balance_sheet_section_id`, `profit_loss_section_id`, `fiscal_id`, `last_modified`, `user_id`) VALUES (14, -1, '1190-001', 'EN COMPRAS DE ACTIVO FIJO', 1, 0, 1, 1, 0, 0, 1, 0, 0, '2002-04-10 15:33:45', 0);
INSERT INTO `account` (`account_id`, `company_id`, `account_code`, `account`, `balance_sheet_order`, `profit_loss_order`, `postable`, `visible_for_posting`, `inventory_type`, `bank_account_type`, `balance_sheet_section_id`, `profit_loss_section_id`, `fiscal_id`, `last_modified`, `user_id`) VALUES (15, -1, '1190-002', 'EN IMPORTACIONES', 2, 0, 1, 1, 0, 0, 1, 0, 0, '2002-04-10 15:34:07', 0);
INSERT INTO `account` (`account_id`, `company_id`, `account_code`, `account`, `balance_sheet_order`, `profit_loss_order`, `postable`, `visible_for_posting`, `inventory_type`, `bank_account_type`, `balance_sheet_section_id`, `profit_loss_section_id`, `fiscal_id`, `last_modified`, `user_id`) VALUES (16, -1, '1190-003', 'EN COMPRA DE MATERIALES', 3, 0, 1, 1, 0, 0, 1, 0, 0, '2002-04-10 15:34:24', 0);
INSERT INTO `account` (`account_id`, `company_id`, `account_code`, `account`, `balance_sheet_order`, `profit_loss_order`, `postable`, `visible_for_posting`, `inventory_type`, `bank_account_type`, `balance_sheet_section_id`, `profit_loss_section_id`, `fiscal_id`, `last_modified`, `user_id`) VALUES (17, -1, '1190-004', 'ARRENDAMIENTO', 4, 0, 1, 1, 0, 0, 1, 0, 0, '2002-04-10 15:34:46', 0);
INSERT INTO `account` (`account_id`, `company_id`, `account_code`, `account`, `balance_sheet_order`, `profit_loss_order`, `postable`, `visible_for_posting`, `inventory_type`, `bank_account_type`, `balance_sheet_section_id`, `profit_loss_section_id`, `fiscal_id`, `last_modified`, `user_id`) VALUES (18, -1, '1190-005', 'EN GASTOS DIVERSOS', 5, 0, 1, 1, 0, 0, 1, 0, 0, '2002-04-10 15:35:06', 0);
INSERT INTO `account` (`account_id`, `company_id`, `account_code`, `account`, `balance_sheet_order`, `profit_loss_order`, `postable`, `visible_for_posting`, `inventory_type`, `bank_account_type`, `balance_sheet_section_id`, `profit_loss_section_id`, `fiscal_id`, `last_modified`, `user_id`) VALUES (19, -1, '1190-006', 'HONORARIOS', 6, 0, 1, 1, 0, 0, 1, 0, 0, '2002-04-10 15:35:23', 0);
INSERT INTO `account` (`account_id`, `company_id`, `account_code`, `account`, `balance_sheet_order`, `profit_loss_order`, `postable`, `visible_for_posting`, `inventory_type`, `bank_account_type`, `balance_sheet_section_id`, `profit_loss_section_id`, `fiscal_id`, `last_modified`, `user_id`) VALUES (20, -1, '1210', 'TERRENOS', 12, 0, 0, 1, 0, 0, 2, 0, 0, '2002-04-10 15:37:04', 0);
INSERT INTO `account` (`account_id`, `company_id`, `account_code`, `account`, `balance_sheet_order`, `profit_loss_order`, `postable`, `visible_for_posting`, `inventory_type`, `bank_account_type`, `balance_sheet_section_id`, `profit_loss_section_id`, `fiscal_id`, `last_modified`, `user_id`) VALUES (21, -1, '1220', 'EDIFICIOS', 13, 0, 0, 1, 0, 0, 2, 0, 0, '2002-04-10 15:37:40', 0);
INSERT INTO `account` (`account_id`, `company_id`, `account_code`, `account`, `balance_sheet_order`, `profit_loss_order`, `postable`, `visible_for_posting`, `inventory_type`, `bank_account_type`, `balance_sheet_section_id`, `profit_loss_section_id`, `fiscal_id`, `last_modified`, `user_id`) VALUES (22, -1, '1230', 'EQUIPO DE TRANSPORTE', 14, 0, 0, 1, 0, 0, 2, 0, 0, '2002-04-10 15:38:11', 0);
INSERT INTO `account` (`account_id`, `company_id`, `account_code`, `account`, `balance_sheet_order`, `profit_loss_order`, `postable`, `visible_for_posting`, `inventory_type`, `bank_account_type`, `balance_sheet_section_id`, `profit_loss_section_id`, `fiscal_id`, `last_modified`, `user_id`) VALUES (23, -1, '1240', 'EQUIPO DE COMPUTO', 15, 0, 0, 1, 0, 0, 2, 0, 0, '2002-04-10 15:38:29', 0);
INSERT INTO `account` (`account_id`, `company_id`, `account_code`, `account`, `balance_sheet_order`, `profit_loss_order`, `postable`, `visible_for_posting`, `inventory_type`, `bank_account_type`, `balance_sheet_section_id`, `profit_loss_section_id`, `fiscal_id`, `last_modified`, `user_id`) VALUES (24, -1, '1245', 'EQUIPO DE OFICINA', 16, 0, 0, 1, 0, 0, 2, 0, 0, '2002-04-10 15:39:59', 0);
INSERT INTO `account` (`account_id`, `company_id`, `account_code`, `account`, `balance_sheet_order`, `profit_loss_order`, `postable`, `visible_for_posting`, `inventory_type`, `bank_account_type`, `balance_sheet_section_id`, `profit_loss_section_id`, `fiscal_id`, `last_modified`, `user_id`) VALUES (25, -1, '1250', 'DEPRECIACION DE EDIFICIOS', 17, 0, 0, 1, 0, 0, 2, 0, 0, '2002-04-10 15:40:23', 0);
INSERT INTO `account` (`account_id`, `company_id`, `account_code`, `account`, `balance_sheet_order`, `profit_loss_order`, `postable`, `visible_for_posting`, `inventory_type`, `bank_account_type`, `balance_sheet_section_id`, `profit_loss_section_id`, `fiscal_id`, `last_modified`, `user_id`) VALUES (26, -1, '1252', 'DEPRECIACION DE MOBILIARIO Y EQUIPO', 18, 0, 0, 1, 0, 0, 2, 0, 0, '2002-04-10 15:41:05', 0);
INSERT INTO `account` (`account_id`, `company_id`, `account_code`, `account`, `balance_sheet_order`, `profit_loss_order`, `postable`, `visible_for_posting`, `inventory_type`, `bank_account_type`, `balance_sheet_section_id`, `profit_loss_section_id`, `fiscal_id`, `last_modified`, `user_id`) VALUES (27, -1, '1254', 'DEPRECIACION EQUIPO DE TRANSPORTE', 19, 0, 0, 1, 0, 0, 2, 0, 0, '2002-04-10 15:41:31', 0);
INSERT INTO `account` (`account_id`, `company_id`, `account_code`, `account`, `balance_sheet_order`, `profit_loss_order`, `postable`, `visible_for_posting`, `inventory_type`, `bank_account_type`, `balance_sheet_section_id`, `profit_loss_section_id`, `fiscal_id`, `last_modified`, `user_id`) VALUES (28, -1, '1256', 'DEPRECIACION EQUIPO DE COMPUTO', 20, 0, 0, 1, 0, 0, 2, 0, 0, '2002-04-10 15:42:00', 0);
INSERT INTO `account` (`account_id`, `company_id`, `account_code`, `account`, `balance_sheet_order`, `profit_loss_order`, `postable`, `visible_for_posting`, `inventory_type`, `bank_account_type`, `balance_sheet_section_id`, `profit_loss_section_id`, `fiscal_id`, `last_modified`, `user_id`) VALUES (29, -1, '1310', 'PAGOS ANTICIPADOS', 21, 0, 0, 1, 0, 0, 3, 0, 0, '2002-04-10 15:42:40', 0);
INSERT INTO `account` (`account_id`, `company_id`, `account_code`, `account`, `balance_sheet_order`, `profit_loss_order`, `postable`, `visible_for_posting`, `inventory_type`, `bank_account_type`, `balance_sheet_section_id`, `profit_loss_section_id`, `fiscal_id`, `last_modified`, `user_id`) VALUES (30, -1, '1320', 'DEPOSITOS EN GARANTIA', 22, 0, 0, 1, 0, 0, 3, 0, 0, '2002-04-10 15:43:15', 0);
INSERT INTO `account` (`account_id`, `company_id`, `account_code`, `account`, `balance_sheet_order`, `profit_loss_order`, `postable`, `visible_for_posting`, `inventory_type`, `bank_account_type`, `balance_sheet_section_id`, `profit_loss_section_id`, `fiscal_id`, `last_modified`, `user_id`) VALUES (31, -1, '1330', 'GASTOS DE ORGANIZACION', 23, 0, 0, 1, 0, 0, 3, 0, 0, '2002-04-10 15:43:41', 0);
INSERT INTO `account` (`account_id`, `company_id`, `account_code`, `account`, `balance_sheet_order`, `profit_loss_order`, `postable`, `visible_for_posting`, `inventory_type`, `bank_account_type`, `balance_sheet_section_id`, `profit_loss_section_id`, `fiscal_id`, `last_modified`, `user_id`) VALUES (32, -1, '1340', 'GASTOS DE INSTALACION', 24, 0, 0, 1, 0, 0, 3, 0, 0, '2002-04-10 15:44:03', 0);
INSERT INTO `account` (`account_id`, `company_id`, `account_code`, `account`, `balance_sheet_order`, `profit_loss_order`, `postable`, `visible_for_posting`, `inventory_type`, `bank_account_type`, `balance_sheet_section_id`, `profit_loss_section_id`, `fiscal_id`, `last_modified`, `user_id`) VALUES (33, -1, '1350', 'AMORTIZACION DE GASTOS', 25, 0, 0, 1, 0, 0, 3, 0, 0, '2002-04-10 15:44:42', 0);
INSERT INTO `account` (`account_id`, `company_id`, `account_code`, `account`, `balance_sheet_order`, `profit_loss_order`, `postable`, `visible_for_posting`, `inventory_type`, `bank_account_type`, `balance_sheet_section_id`, `profit_loss_section_id`, `fiscal_id`, `last_modified`, `user_id`) VALUES (34, -1, '2110', 'PROVEEDORES', 26, 0, 0, 1, 0, 0, 4, 0, 0, '2002-04-10 15:45:49', 0);
INSERT INTO `account` (`account_id`, `company_id`, `account_code`, `account`, `balance_sheet_order`, `profit_loss_order`, `postable`, `visible_for_posting`, `inventory_type`, `bank_account_type`, `balance_sheet_section_id`, `profit_loss_section_id`, `fiscal_id`, `last_modified`, `user_id`) VALUES (35, -1, '2110-001', 'NACIONALES', 1, 0, 0, 1, 0, 0, 4, 0, 0, '2002-04-10 15:46:15', 0);
INSERT INTO `account` (`account_id`, `company_id`, `account_code`, `account`, `balance_sheet_order`, `profit_loss_order`, `postable`, `visible_for_posting`, `inventory_type`, `bank_account_type`, `balance_sheet_section_id`, `profit_loss_section_id`, `fiscal_id`, `last_modified`, `user_id`) VALUES (36, -1, '2110-002', 'EXTRANJEROS', 2, 0, 0, 1, 0, 0, 4, 0, 0, '2002-04-10 15:46:28', 0);
INSERT INTO `account` (`account_id`, `company_id`, `account_code`, `account`, `balance_sheet_order`, `profit_loss_order`, `postable`, `visible_for_posting`, `inventory_type`, `bank_account_type`, `balance_sheet_section_id`, `profit_loss_section_id`, `fiscal_id`, `last_modified`, `user_id`) VALUES (37, -1, '2120', 'ACREEDORES DIVERSOS', 27, 0, 0, 1, 0, 0, 4, 0, 0, '2002-04-10 15:47:23', 0);
INSERT INTO `account` (`account_id`, `company_id`, `account_code`, `account`, `balance_sheet_order`, `profit_loss_order`, `postable`, `visible_for_posting`, `inventory_type`, `bank_account_type`, `balance_sheet_section_id`, `profit_loss_section_id`, `fiscal_id`, `last_modified`, `user_id`) VALUES (38, -1, '2130', 'DOCUMENTOS POR PAGAR', 28, 0, 0, 1, 0, 0, 4, 0, 0, '2002-04-10 15:47:40', 0);
INSERT INTO `account` (`account_id`, `company_id`, `account_code`, `account`, `balance_sheet_order`, `profit_loss_order`, `postable`, `visible_for_posting`, `inventory_type`, `bank_account_type`, `balance_sheet_section_id`, `profit_loss_section_id`, `fiscal_id`, `last_modified`, `user_id`) VALUES (39, -1, '2150', 'IMPUESTOS POR PAGAR', 29, 0, 0, 1, 0, 0, 4, 0, 0, '2002-04-10 15:50:15', 0);
INSERT INTO `account` (`account_id`, `company_id`, `account_code`, `account`, `balance_sheet_order`, `profit_loss_order`, `postable`, `visible_for_posting`, `inventory_type`, `bank_account_type`, `balance_sheet_section_id`, `profit_loss_section_id`, `fiscal_id`, `last_modified`, `user_id`) VALUES (40, -1, '2150-001', 'I.S.P.T. RETENIDO', 1, 0, 1, 1, 0, 0, 4, 0, 0, '2002-04-10 15:50:44', 0);
INSERT INTO `account` (`account_id`, `company_id`, `account_code`, `account`, `balance_sheet_order`, `profit_loss_order`, `postable`, `visible_for_posting`, `inventory_type`, `bank_account_type`, `balance_sheet_section_id`, `profit_loss_section_id`, `fiscal_id`, `last_modified`, `user_id`) VALUES (41, -1, '2150-002', '5% INFONAVIT', 2, 0, 1, 1, 0, 0, 4, 0, 0, '2002-04-10 15:51:02', 0);
INSERT INTO `account` (`account_id`, `company_id`, `account_code`, `account`, `balance_sheet_order`, `profit_loss_order`, `postable`, `visible_for_posting`, `inventory_type`, `bank_account_type`, `balance_sheet_section_id`, `profit_loss_section_id`, `fiscal_id`, `last_modified`, `user_id`) VALUES (42, -1, '2150-003', 'I.M.S.S. CUOTA OBRERO PATRONALES', 3, 0, 1, 1, 0, 0, 4, 0, 0, '2002-04-10 15:51:38', 0);
INSERT INTO `account` (`account_id`, `company_id`, `account_code`, `account`, `balance_sheet_order`, `profit_loss_order`, `postable`, `visible_for_posting`, `inventory_type`, `bank_account_type`, `balance_sheet_section_id`, `profit_loss_section_id`, `fiscal_id`, `last_modified`, `user_id`) VALUES (43, -1, '2150-004', '10% I.S.R. RETENIDO EN HONORARIOS', 4, 0, 1, 1, 0, 0, 4, 0, 0, '2002-04-10 15:52:08', 0);
INSERT INTO `account` (`account_id`, `company_id`, `account_code`, `account`, `balance_sheet_order`, `profit_loss_order`, `postable`, `visible_for_posting`, `inventory_type`, `bank_account_type`, `balance_sheet_section_id`, `profit_loss_section_id`, `fiscal_id`, `last_modified`, `user_id`) VALUES (44, -1, '2150-005', 'ACTUALIZACION', 5, 0, 1, 1, 0, 0, 4, 0, 0, '2002-04-10 15:52:29', 0);
INSERT INTO `account` (`account_id`, `company_id`, `account_code`, `account`, `balance_sheet_order`, `profit_loss_order`, `postable`, `visible_for_posting`, `inventory_type`, `bank_account_type`, `balance_sheet_section_id`, `profit_loss_section_id`, `fiscal_id`, `last_modified`, `user_id`) VALUES (45, -1, '2150-006', 'RECARGOS', 6, 0, 1, 1, 0, 0, 4, 0, 0, '2002-04-10 15:52:43', 0);
INSERT INTO `account` (`account_id`, `company_id`, `account_code`, `account`, `balance_sheet_order`, `profit_loss_order`, `postable`, `visible_for_posting`, `inventory_type`, `bank_account_type`, `balance_sheet_section_id`, `profit_loss_section_id`, `fiscal_id`, `last_modified`, `user_id`) VALUES (46, -1, '2150-007', '10% I.S.R. RETENIDO EN ARRENDAMIENTO', 7, 0, 1, 1, 0, 0, 4, 0, 0, '2002-04-10 15:53:19', 0);
INSERT INTO `account` (`account_id`, `company_id`, `account_code`, `account`, `balance_sheet_order`, `profit_loss_order`, `postable`, `visible_for_posting`, `inventory_type`, `bank_account_type`, `balance_sheet_section_id`, `profit_loss_section_id`, `fiscal_id`, `last_modified`, `user_id`) VALUES (47, -1, '2150-008', '10% I.V.A. RETENIDO EN HONORARIOS', 8, 0, 1, 1, 0, 0, 4, 0, 0, '2002-04-10 15:53:56', 0);
INSERT INTO `account` (`account_id`, `company_id`, `account_code`, `account`, `balance_sheet_order`, `profit_loss_order`, `postable`, `visible_for_posting`, `inventory_type`, `bank_account_type`, `balance_sheet_section_id`, `profit_loss_section_id`, `fiscal_id`, `last_modified`, `user_id`) VALUES (48, -1, '2150-009', '10% I.V.A. RETENIDO EN ARRENDAMIENTO', 9, 0, 1, 1, 0, 0, 4, 0, 0, '2002-04-10 15:54:24', 0);
INSERT INTO `account` (`account_id`, `company_id`, `account_code`, `account`, `balance_sheet_order`, `profit_loss_order`, `postable`, `visible_for_posting`, `inventory_type`, `bank_account_type`, `balance_sheet_section_id`, `profit_loss_section_id`, `fiscal_id`, `last_modified`, `user_id`) VALUES (49, -1, '2150-010', 'I.S.R. RET. HON. CONSEJO DE ADMINISTRACION', 10, 0, 1, 1, 0, 0, 4, 0, 0, '2002-04-10 15:54:57', 0);
INSERT INTO `account` (`account_id`, `company_id`, `account_code`, `account`, `balance_sheet_order`, `profit_loss_order`, `postable`, `visible_for_posting`, `inventory_type`, `bank_account_type`, `balance_sheet_section_id`, `profit_loss_section_id`, `fiscal_id`, `last_modified`, `user_id`) VALUES (50, -1, '2160', 'I.V.A. TRASLADADO', 30, 0, 0, 1, 0, 0, 4, 0, 0, '2002-04-10 15:55:36', 0);
INSERT INTO `account` (`account_id`, `company_id`, `account_code`, `account`, `balance_sheet_order`, `profit_loss_order`, `postable`, `visible_for_posting`, `inventory_type`, `bank_account_type`, `balance_sheet_section_id`, `profit_loss_section_id`, `fiscal_id`, `last_modified`, `user_id`) VALUES (51, -1, '2160-001', 'I.V.A. TRASLADADO AL 15%', 1, 0, 1, 1, 0, 0, 4, 0, 0, '2002-04-10 15:56:14', 0);
INSERT INTO `account` (`account_id`, `company_id`, `account_code`, `account`, `balance_sheet_order`, `profit_loss_order`, `postable`, `visible_for_posting`, `inventory_type`, `bank_account_type`, `balance_sheet_section_id`, `profit_loss_section_id`, `fiscal_id`, `last_modified`, `user_id`) VALUES (52, -1, '2170', 'I.V.A. POR PAGAR', 31, 0, 0, 1, 0, 0, 4, 0, 0, '2002-04-10 15:56:56', 0);
INSERT INTO `account` (`account_id`, `company_id`, `account_code`, `account`, `balance_sheet_order`, `profit_loss_order`, `postable`, `visible_for_posting`, `inventory_type`, `bank_account_type`, `balance_sheet_section_id`, `profit_loss_section_id`, `fiscal_id`, `last_modified`, `user_id`) VALUES (53, -1, '2170-001', 'I.V.A. POR PAGAR AL 15%', 1, 0, 1, 1, 0, 0, 4, 0, 0, '2002-04-10 15:57:16', 0);
INSERT INTO `account` (`account_id`, `company_id`, `account_code`, `account`, `balance_sheet_order`, `profit_loss_order`, `postable`, `visible_for_posting`, `inventory_type`, `bank_account_type`, `balance_sheet_section_id`, `profit_loss_section_id`, `fiscal_id`, `last_modified`, `user_id`) VALUES (54, -1, '2180', 'ANTICIPO DE CLIENTES', 32, 0, 0, 1, 0, 0, 4, 0, 0, '2002-04-10 15:57:52', 0);
INSERT INTO `account` (`account_id`, `company_id`, `account_code`, `account`, `balance_sheet_order`, `profit_loss_order`, `postable`, `visible_for_posting`, `inventory_type`, `bank_account_type`, `balance_sheet_section_id`, `profit_loss_section_id`, `fiscal_id`, `last_modified`, `user_id`) VALUES (55, -1, '2220', 'CREDITOS HIPOTECARIOS', 33, 0, 0, 1, 0, 0, 5, 0, 0, '2002-04-10 15:58:54', 0);
INSERT INTO `account` (`account_id`, `company_id`, `account_code`, `account`, `balance_sheet_order`, `profit_loss_order`, `postable`, `visible_for_posting`, `inventory_type`, `bank_account_type`, `balance_sheet_section_id`, `profit_loss_section_id`, `fiscal_id`, `last_modified`, `user_id`) VALUES (56, -1, '2240', 'DOCUMENTOS POR PAGAR', 34, 0, 0, 1, 0, 0, 5, 0, 0, '2002-04-10 15:59:19', 0);
INSERT INTO `account` (`account_id`, `company_id`, `account_code`, `account`, `balance_sheet_order`, `profit_loss_order`, `postable`, `visible_for_posting`, `inventory_type`, `bank_account_type`, `balance_sheet_section_id`, `profit_loss_section_id`, `fiscal_id`, `last_modified`, `user_id`) VALUES (57, -1, '3100', 'CAPITAL SOCIAL', 35, 0, 0, 1, 0, 0, 7, 0, 0, '2002-04-10 16:00:55', 0);
INSERT INTO `account` (`account_id`, `company_id`, `account_code`, `account`, `balance_sheet_order`, `profit_loss_order`, `postable`, `visible_for_posting`, `inventory_type`, `bank_account_type`, `balance_sheet_section_id`, `profit_loss_section_id`, `fiscal_id`, `last_modified`, `user_id`) VALUES (58, -1, '3200', 'RESERVA LEGAL', 36, 0, 0, 1, 0, 0, 7, 0, 0, '2002-04-10 16:01:13', 0);
INSERT INTO `account` (`account_id`, `company_id`, `account_code`, `account`, `balance_sheet_order`, `profit_loss_order`, `postable`, `visible_for_posting`, `inventory_type`, `bank_account_type`, `balance_sheet_section_id`, `profit_loss_section_id`, `fiscal_id`, `last_modified`, `user_id`) VALUES (59, -1, '3210', 'RESERVA PARA REINVERSION', 37, 0, 0, 1, 0, 0, 7, 0, 0, '2002-04-10 16:02:30', 0);
INSERT INTO `account` (`account_id`, `company_id`, `account_code`, `account`, `balance_sheet_order`, `profit_loss_order`, `postable`, `visible_for_posting`, `inventory_type`, `bank_account_type`, `balance_sheet_section_id`, `profit_loss_section_id`, `fiscal_id`, `last_modified`, `user_id`) VALUES (60, -1, '3300', 'SUPERAVIT POR ACTUALIZACION', 38, 0, 0, 1, 0, 0, 7, 0, 0, '2002-04-10 16:02:16', 0);
INSERT INTO `account` (`account_id`, `company_id`, `account_code`, `account`, `balance_sheet_order`, `profit_loss_order`, `postable`, `visible_for_posting`, `inventory_type`, `bank_account_type`, `balance_sheet_section_id`, `profit_loss_section_id`, `fiscal_id`, `last_modified`, `user_id`) VALUES (61, -1, '3400', 'RESULTADO DE EJERCICIOS ANTERIORES', 39, 0, 0, 1, 0, 0, 7, 0, 0, '2002-04-10 16:03:02', 0);
INSERT INTO `account` (`account_id`, `company_id`, `account_code`, `account`, `balance_sheet_order`, `profit_loss_order`, `postable`, `visible_for_posting`, `inventory_type`, `bank_account_type`, `balance_sheet_section_id`, `profit_loss_section_id`, `fiscal_id`, `last_modified`, `user_id`) VALUES (62, -1, '3500', 'RESULTADO DEL EJERCICIO', 40, 0, 0, 1, 0, 0, 7, 0, 0, '2002-04-10 16:03:32', 0);
INSERT INTO `account` (`account_id`, `company_id`, `account_code`, `account`, `balance_sheet_order`, `profit_loss_order`, `postable`, `visible_for_posting`, `inventory_type`, `bank_account_type`, `balance_sheet_section_id`, `profit_loss_section_id`, `fiscal_id`, `last_modified`, `user_id`) VALUES (63, -1, '4100', 'VENTAS', 0, 1, 0, 1, 0, 0, 0, 8, 0, '2002-04-10 16:04:18', 0);
INSERT INTO `account` (`account_id`, `company_id`, `account_code`, `account`, `balance_sheet_order`, `profit_loss_order`, `postable`, `visible_for_posting`, `inventory_type`, `bank_account_type`, `balance_sheet_section_id`, `profit_loss_section_id`, `fiscal_id`, `last_modified`, `user_id`) VALUES (64, -1, '4210', 'DEVOLUCIONES SOBRE VENTAS', 0, 2, 0, 1, 0, 0, 0, 9, 0, '2002-04-10 16:06:00', 0);
INSERT INTO `account` (`account_id`, `company_id`, `account_code`, `account`, `balance_sheet_order`, `profit_loss_order`, `postable`, `visible_for_posting`, `inventory_type`, `bank_account_type`, `balance_sheet_section_id`, `profit_loss_section_id`, `fiscal_id`, `last_modified`, `user_id`) VALUES (65, -1, '4220', 'REBAJAS SOBRE VENTAS', 0, 3, 0, 1, 0, 0, 0, 9, 0, '2002-04-10 16:06:35', 0);
INSERT INTO `account` (`account_id`, `company_id`, `account_code`, `account`, `balance_sheet_order`, `profit_loss_order`, `postable`, `visible_for_posting`, `inventory_type`, `bank_account_type`, `balance_sheet_section_id`, `profit_loss_section_id`, `fiscal_id`, `last_modified`, `user_id`) VALUES (66, -1, '5000', 'COMPRAS', 0, 4, 0, 1, 0, 0, 0, 10, 0, '2002-04-10 16:07:53', 0);
INSERT INTO `account` (`account_id`, `company_id`, `account_code`, `account`, `balance_sheet_order`, `profit_loss_order`, `postable`, `visible_for_posting`, `inventory_type`, `bank_account_type`, `balance_sheet_section_id`, `profit_loss_section_id`, `fiscal_id`, `last_modified`, `user_id`) VALUES (67, -1, '5500', 'COSTO DE VENTAS', 0, 5, 0, 1, 0, 0, 0, 14, 0, '2002-04-10 16:08:33', 0);
INSERT INTO `account` (`account_id`, `company_id`, `account_code`, `account`, `balance_sheet_order`, `profit_loss_order`, `postable`, `visible_for_posting`, `inventory_type`, `bank_account_type`, `balance_sheet_section_id`, `profit_loss_section_id`, `fiscal_id`, `last_modified`, `user_id`) VALUES (68, -1, '6300', 'GASTOS DE VENTAS', 0, 6, 0, 1, 0, 0, 0, 16, 0, '2002-04-10 16:09:18', 0);
INSERT INTO `account` (`account_id`, `company_id`, `account_code`, `account`, `balance_sheet_order`, `profit_loss_order`, `postable`, `visible_for_posting`, `inventory_type`, `bank_account_type`, `balance_sheet_section_id`, `profit_loss_section_id`, `fiscal_id`, `last_modified`, `user_id`) VALUES (69, -1, '6300-001', 'HONORARIOS PROF. P/EFECTOS DE RETENCION', 0, 1, 0, 1, 0, 0, 0, 16, 0, '2002-04-10 16:10:07', 0);
INSERT INTO `account` (`account_id`, `company_id`, `account_code`, `account`, `balance_sheet_order`, `profit_loss_order`, `postable`, `visible_for_posting`, `inventory_type`, `bank_account_type`, `balance_sheet_section_id`, `profit_loss_section_id`, `fiscal_id`, `last_modified`, `user_id`) VALUES (70, -1, '6300-002', 'RENTA OFICINA', 0, 2, 0, 1, 0, 0, 0, 16, 0, '2002-04-10 16:10:54', 0);
INSERT INTO `account` (`account_id`, `company_id`, `account_code`, `account`, `balance_sheet_order`, `profit_loss_order`, `postable`, `visible_for_posting`, `inventory_type`, `bank_account_type`, `balance_sheet_section_id`, `profit_loss_section_id`, `fiscal_id`, `last_modified`, `user_id`) VALUES (71, -1, '6300-003', 'CUOTAS I.M.S.S.', 0, 3, 0, 1, 0, 0, 0, 16, 0, '2002-04-10 16:11:20', 0);
INSERT INTO `account` (`account_id`, `company_id`, `account_code`, `account`, `balance_sheet_order`, `profit_loss_order`, `postable`, `visible_for_posting`, `inventory_type`, `bank_account_type`, `balance_sheet_section_id`, `profit_loss_section_id`, `fiscal_id`, `last_modified`, `user_id`) VALUES (72, -1, '6300-004', 'APORTACIONES AL INFONAVIT', 0, 4, 0, 1, 0, 0, 0, 16, 0, '2002-04-10 16:11:41', 0);
INSERT INTO `account` (`account_id`, `company_id`, `account_code`, `account`, `balance_sheet_order`, `profit_loss_order`, `postable`, `visible_for_posting`, `inventory_type`, `bank_account_type`, `balance_sheet_section_id`, `profit_loss_section_id`, `fiscal_id`, `last_modified`, `user_id`) VALUES (73, -1, '6300-005', 'CURSOS Y BECAS', 0, 5, 0, 1, 0, 0, 0, 16, 0, '2002-04-10 16:12:01', 0);
INSERT INTO `account` (`account_id`, `company_id`, `account_code`, `account`, `balance_sheet_order`, `profit_loss_order`, `postable`, `visible_for_posting`, `inventory_type`, `bank_account_type`, `balance_sheet_section_id`, `profit_loss_section_id`, `fiscal_id`, `last_modified`, `user_id`) VALUES (74, -1, '6300-006', 'MANTENIMIENTO DE EQUIPO DE OFICINA', 0, 6, 0, 1, 0, 0, 0, 16, 0, '2002-04-10 16:12:40', 0);
INSERT INTO `account` (`account_id`, `company_id`, `account_code`, `account`, `balance_sheet_order`, `profit_loss_order`, `postable`, `visible_for_posting`, `inventory_type`, `bank_account_type`, `balance_sheet_section_id`, `profit_loss_section_id`, `fiscal_id`, `last_modified`, `user_id`) VALUES (75, -1, '6300-007', 'MANTENIMIENTO DE EQUIPO DE COMPUTO', 0, 7, 0, 1, 0, 0, 0, 16, 0, '2002-04-10 16:13:17', 0);
INSERT INTO `account` (`account_id`, `company_id`, `account_code`, `account`, `balance_sheet_order`, `profit_loss_order`, `postable`, `visible_for_posting`, `inventory_type`, `bank_account_type`, `balance_sheet_section_id`, `profit_loss_section_id`, `fiscal_id`, `last_modified`, `user_id`) VALUES (76, -1, '6300-008', 'PAPELERIA Y ARTICULOS PARA OFICINA', 0, 8, 0, 1, 0, 0, 0, 16, 0, '2002-04-10 16:13:44', 0);
INSERT INTO `account` (`account_id`, `company_id`, `account_code`, `account`, `balance_sheet_order`, `profit_loss_order`, `postable`, `visible_for_posting`, `inventory_type`, `bank_account_type`, `balance_sheet_section_id`, `profit_loss_section_id`, `fiscal_id`, `last_modified`, `user_id`) VALUES (77, -1, '6300-009', 'HERRAMIENTAS Y REFACCIONES', 0, 9, 0, 1, 0, 0, 0, 16, 0, '2002-04-10 16:14:15', 0);
INSERT INTO `account` (`account_id`, `company_id`, `account_code`, `account`, `balance_sheet_order`, `profit_loss_order`, `postable`, `visible_for_posting`, `inventory_type`, `bank_account_type`, `balance_sheet_section_id`, `profit_loss_section_id`, `fiscal_id`, `last_modified`, `user_id`) VALUES (78, -1, '6300-010', 'CUOTAS Y SUSCRIPCIONES', 0, 10, 0, 1, 0, 0, 0, 16, 0, '2002-04-10 16:14:37', 0);
INSERT INTO `account` (`account_id`, `company_id`, `account_code`, `account`, `balance_sheet_order`, `profit_loss_order`, `postable`, `visible_for_posting`, `inventory_type`, `bank_account_type`, `balance_sheet_section_id`, `profit_loss_section_id`, `fiscal_id`, `last_modified`, `user_id`) VALUES (79, -1, '6300-011', 'DONATIVOS', 0, 11, 0, 1, 0, 0, 0, 16, 0, '2002-04-10 16:14:57', 0);
INSERT INTO `account` (`account_id`, `company_id`, `account_code`, `account`, `balance_sheet_order`, `profit_loss_order`, `postable`, `visible_for_posting`, `inventory_type`, `bank_account_type`, `balance_sheet_section_id`, `profit_loss_section_id`, `fiscal_id`, `last_modified`, `user_id`) VALUES (80, -1, '6300-012', 'GASTOS DE VIAJE', 0, 12, 0, 1, 0, 0, 0, 16, 0, '2002-04-10 16:15:14', 0);
INSERT INTO `account` (`account_id`, `company_id`, `account_code`, `account`, `balance_sheet_order`, `profit_loss_order`, `postable`, `visible_for_posting`, `inventory_type`, `bank_account_type`, `balance_sheet_section_id`, `profit_loss_section_id`, `fiscal_id`, `last_modified`, `user_id`) VALUES (81, -1, '6300-013', 'PASAJES Y TRANSPORTES', 0, 13, 0, 1, 0, 0, 0, 16, 0, '2002-04-10 16:15:36', 0);
INSERT INTO `account` (`account_id`, `company_id`, `account_code`, `account`, `balance_sheet_order`, `profit_loss_order`, `postable`, `visible_for_posting`, `inventory_type`, `bank_account_type`, `balance_sheet_section_id`, `profit_loss_section_id`, `fiscal_id`, `last_modified`, `user_id`) VALUES (82, -1, '6300-014', 'GASTOS DE REPRESENTACION', 0, 14, 0, 1, 0, 0, 0, 16, 0, '2002-04-10 16:15:56', 0);
INSERT INTO `account` (`account_id`, `company_id`, `account_code`, `account`, `balance_sheet_order`, `profit_loss_order`, `postable`, `visible_for_posting`, `inventory_type`, `bank_account_type`, `balance_sheet_section_id`, `profit_loss_section_id`, `fiscal_id`, `last_modified`, `user_id`) VALUES (83, -1, '6300-015', 'FLETES', 0, 15, 0, 1, 0, 0, 0, 16, 0, '2002-04-10 16:16:11', 0);
INSERT INTO `account` (`account_id`, `company_id`, `account_code`, `account`, `balance_sheet_order`, `profit_loss_order`, `postable`, `visible_for_posting`, `inventory_type`, `bank_account_type`, `balance_sheet_section_id`, `profit_loss_section_id`, `fiscal_id`, `last_modified`, `user_id`) VALUES (84, -1, '6300-016', 'TELEFONOS', 0, 16, 0, 1, 0, 0, 0, 16, 0, '2002-04-10 16:16:34', 0);
INSERT INTO `account` (`account_id`, `company_id`, `account_code`, `account`, `balance_sheet_order`, `profit_loss_order`, `postable`, `visible_for_posting`, `inventory_type`, `bank_account_type`, `balance_sheet_section_id`, `profit_loss_section_id`, `fiscal_id`, `last_modified`, `user_id`) VALUES (85, -1, '6300-017', 'CORREOS', 0, 17, 1, 1, 0, 0, 0, 16, 0, '2002-04-10 16:22:35', 0);
INSERT INTO `account` (`account_id`, `company_id`, `account_code`, `account`, `balance_sheet_order`, `profit_loss_order`, `postable`, `visible_for_posting`, `inventory_type`, `bank_account_type`, `balance_sheet_section_id`, `profit_loss_section_id`, `fiscal_id`, `last_modified`, `user_id`) VALUES (86, -1, '6300-018', 'LUZ', 0, 18, 0, 1, 0, 0, 0, 16, 0, '2002-04-10 16:22:40', 0);
INSERT INTO `account` (`account_id`, `company_id`, `account_code`, `account`, `balance_sheet_order`, `profit_loss_order`, `postable`, `visible_for_posting`, `inventory_type`, `bank_account_type`, `balance_sheet_section_id`, `profit_loss_section_id`, `fiscal_id`, `last_modified`, `user_id`) VALUES (87, -1, '6300-019', 'COMBUSTIBLES Y LUBRICANTES', 0, 19, 0, 1, 0, 0, 0, 16, 0, '2002-04-10 16:18:02', 0);
INSERT INTO `account` (`account_id`, `company_id`, `account_code`, `account`, `balance_sheet_order`, `profit_loss_order`, `postable`, `visible_for_posting`, `inventory_type`, `bank_account_type`, `balance_sheet_section_id`, `profit_loss_section_id`, `fiscal_id`, `last_modified`, `user_id`) VALUES (88, -1, '6300-020', 'CONSERVACION Y MANTENIMIENTO DE AUTOMOVIL', 0, 20, 0, 1, 0, 0, 0, 16, 0, '2002-04-10 16:18:42', 0);
INSERT INTO `account` (`account_id`, `company_id`, `account_code`, `account`, `balance_sheet_order`, `profit_loss_order`, `postable`, `visible_for_posting`, `inventory_type`, `bank_account_type`, `balance_sheet_section_id`, `profit_loss_section_id`, `fiscal_id`, `last_modified`, `user_id`) VALUES (89, -1, '6300-021', 'GASTOS NO DEDUCIBLES', 0, 21, 1, 1, 0, 0, 0, 16, 0, '2002-04-10 16:30:40', 0);
INSERT INTO `account` (`account_id`, `company_id`, `account_code`, `account`, `balance_sheet_order`, `profit_loss_order`, `postable`, `visible_for_posting`, `inventory_type`, `bank_account_type`, `balance_sheet_section_id`, `profit_loss_section_id`, `fiscal_id`, `last_modified`, `user_id`) VALUES (90, -1, '6300-022', 'FIANZAS', 0, 22, 0, 1, 0, 0, 0, 16, 0, '2002-04-10 16:19:26', 0);
INSERT INTO `account` (`account_id`, `company_id`, `account_code`, `account`, `balance_sheet_order`, `profit_loss_order`, `postable`, `visible_for_posting`, `inventory_type`, `bank_account_type`, `balance_sheet_section_id`, `profit_loss_section_id`, `fiscal_id`, `last_modified`, `user_id`) VALUES (91, -1, '6300-023', 'SEGUROS', 0, 23, 0, 1, 0, 0, 0, 16, 0, '2002-04-10 16:19:43', 0);
INSERT INTO `account` (`account_id`, `company_id`, `account_code`, `account`, `balance_sheet_order`, `profit_loss_order`, `postable`, `visible_for_posting`, `inventory_type`, `bank_account_type`, `balance_sheet_section_id`, `profit_loss_section_id`, `fiscal_id`, `last_modified`, `user_id`) VALUES (92, -1, '6300-024', 'DIVERSOS', 0, 24, 1, 1, 0, 0, 0, 16, 0, '2002-04-10 16:31:11', 0);
INSERT INTO `account` (`account_id`, `company_id`, `account_code`, `account`, `balance_sheet_order`, `profit_loss_order`, `postable`, `visible_for_posting`, `inventory_type`, `bank_account_type`, `balance_sheet_section_id`, `profit_loss_section_id`, `fiscal_id`, `last_modified`, `user_id`) VALUES (93, -1, '6500', 'GASTOS DE ADMINISTRACION', 0, 7, 0, 1, 0, 0, 0, 15, 0, '2002-04-10 16:32:26', 0);
INSERT INTO `account` (`account_id`, `company_id`, `account_code`, `account`, `balance_sheet_order`, `profit_loss_order`, `postable`, `visible_for_posting`, `inventory_type`, `bank_account_type`, `balance_sheet_section_id`, `profit_loss_section_id`, `fiscal_id`, `last_modified`, `user_id`) VALUES (94, -1, '6500-001', 'HONORARIOS PROFESIONALES', 0, 1, 0, 1, 0, 0, 0, 15, 0, '2002-04-10 16:33:12', 0);
INSERT INTO `account` (`account_id`, `company_id`, `account_code`, `account`, `balance_sheet_order`, `profit_loss_order`, `postable`, `visible_for_posting`, `inventory_type`, `bank_account_type`, `balance_sheet_section_id`, `profit_loss_section_id`, `fiscal_id`, `last_modified`, `user_id`) VALUES (95, -1, '6500-002', 'CURSOS Y BECAS', 0, 2, 0, 1, 0, 0, 0, 15, 0, '2002-04-10 16:33:25', 0);
INSERT INTO `account` (`account_id`, `company_id`, `account_code`, `account`, `balance_sheet_order`, `profit_loss_order`, `postable`, `visible_for_posting`, `inventory_type`, `bank_account_type`, `balance_sheet_section_id`, `profit_loss_section_id`, `fiscal_id`, `last_modified`, `user_id`) VALUES (96, -1, '6500-003', 'HERRAMIENTAS Y REFACCIONES', 0, 3, 0, 1, 0, 0, 0, 15, 0, '2002-04-10 16:33:55', 0);
INSERT INTO `account` (`account_id`, `company_id`, `account_code`, `account`, `balance_sheet_order`, `profit_loss_order`, `postable`, `visible_for_posting`, `inventory_type`, `bank_account_type`, `balance_sheet_section_id`, `profit_loss_section_id`, `fiscal_id`, `last_modified`, `user_id`) VALUES (97, -1, '6500-004', 'MANTENIMIENTO DE OFICINAS', 0, 4, 0, 1, 0, 0, 0, 15, 0, '2002-04-10 16:34:16', 0);
INSERT INTO `account` (`account_id`, `company_id`, `account_code`, `account`, `balance_sheet_order`, `profit_loss_order`, `postable`, `visible_for_posting`, `inventory_type`, `bank_account_type`, `balance_sheet_section_id`, `profit_loss_section_id`, `fiscal_id`, `last_modified`, `user_id`) VALUES (98, -1, '6500-005', 'RENTA DE EQUIPO', 0, 5, 0, 1, 0, 0, 0, 15, 0, '2002-04-10 16:34:35', 0);
INSERT INTO `account` (`account_id`, `company_id`, `account_code`, `account`, `balance_sheet_order`, `profit_loss_order`, `postable`, `visible_for_posting`, `inventory_type`, `bank_account_type`, `balance_sheet_section_id`, `profit_loss_section_id`, `fiscal_id`, `last_modified`, `user_id`) VALUES (99, -1, '6500-006', 'PAPELERIA Y ARTICULOS PARA OFICINA', 0, 6, 0, 1, 0, 0, 0, 15, 0, '2002-04-10 16:35:15', 0);
INSERT INTO `account` (`account_id`, `company_id`, `account_code`, `account`, `balance_sheet_order`, `profit_loss_order`, `postable`, `visible_for_posting`, `inventory_type`, `bank_account_type`, `balance_sheet_section_id`, `profit_loss_section_id`, `fiscal_id`, `last_modified`, `user_id`) VALUES (100, -1, '6500-007', 'CUOTAS Y SUSCRIPCIONES', 0, 7, 0, 1, 0, 0, 0, 15, 0, '2002-04-10 16:35:39', 0);
INSERT INTO `account` (`account_id`, `company_id`, `account_code`, `account`, `balance_sheet_order`, `profit_loss_order`, `postable`, `visible_for_posting`, `inventory_type`, `bank_account_type`, `balance_sheet_section_id`, `profit_loss_section_id`, `fiscal_id`, `last_modified`, `user_id`) VALUES (101, -1, '6500-008', 'DONATIVOS', 0, 8, 0, 1, 0, 0, 0, 15, 0, '2002-04-10 16:35:53', 0);
INSERT INTO `account` (`account_id`, `company_id`, `account_code`, `account`, `balance_sheet_order`, `profit_loss_order`, `postable`, `visible_for_posting`, `inventory_type`, `bank_account_type`, `balance_sheet_section_id`, `profit_loss_section_id`, `fiscal_id`, `last_modified`, `user_id`) VALUES (102, -1, '6500-009', 'IMPUESTOS Y DERECHOS DE IMPORTACION', 0, 9, 0, 1, 0, 0, 0, 15, 0, '2002-04-10 16:36:25', 0);
INSERT INTO `account` (`account_id`, `company_id`, `account_code`, `account`, `balance_sheet_order`, `profit_loss_order`, `postable`, `visible_for_posting`, `inventory_type`, `bank_account_type`, `balance_sheet_section_id`, `profit_loss_section_id`, `fiscal_id`, `last_modified`, `user_id`) VALUES (103, -1, '6500-010', 'LIMPIEZA DE OFICINA', 0, 10, 0, 1, 0, 0, 0, 15, 0, '2002-04-10 16:36:56', 0);
INSERT INTO `account` (`account_id`, `company_id`, `account_code`, `account`, `balance_sheet_order`, `profit_loss_order`, `postable`, `visible_for_posting`, `inventory_type`, `bank_account_type`, `balance_sheet_section_id`, `profit_loss_section_id`, `fiscal_id`, `last_modified`, `user_id`) VALUES (104, -1, '6500-011', 'GASTOS DE REPRESENTACION', 0, 11, 0, 1, 0, 0, 0, 15, 0, '2002-04-10 16:37:17', 0);
INSERT INTO `account` (`account_id`, `company_id`, `account_code`, `account`, `balance_sheet_order`, `profit_loss_order`, `postable`, `visible_for_posting`, `inventory_type`, `bank_account_type`, `balance_sheet_section_id`, `profit_loss_section_id`, `fiscal_id`, `last_modified`, `user_id`) VALUES (105, -1, '6500-012', 'COMIDAS CON EL PERSONAL', 0, 12, 1, 1, 0, 0, 0, 15, 0, '2002-04-10 16:37:45', 0);
INSERT INTO `account` (`account_id`, `company_id`, `account_code`, `account`, `balance_sheet_order`, `profit_loss_order`, `postable`, `visible_for_posting`, `inventory_type`, `bank_account_type`, `balance_sheet_section_id`, `profit_loss_section_id`, `fiscal_id`, `last_modified`, `user_id`) VALUES (106, -1, '6500-013', 'GASTOS DE FIN DE AO', 0, 13, 1, 1, 0, 0, 0, 15, 0, '2002-04-10 16:38:04', 0);
INSERT INTO `account` (`account_id`, `company_id`, `account_code`, `account`, `balance_sheet_order`, `profit_loss_order`, `postable`, `visible_for_posting`, `inventory_type`, `bank_account_type`, `balance_sheet_section_id`, `profit_loss_section_id`, `fiscal_id`, `last_modified`, `user_id`) VALUES (107, -1, '6500-014', 'PUBLICIDAD', 0, 14, 1, 1, 0, 0, 0, 15, 0, '2002-04-10 16:38:19', 0);
INSERT INTO `account` (`account_id`, `company_id`, `account_code`, `account`, `balance_sheet_order`, `profit_loss_order`, `postable`, `visible_for_posting`, `inventory_type`, `bank_account_type`, `balance_sheet_section_id`, `profit_loss_section_id`, `fiscal_id`, `last_modified`, `user_id`) VALUES (108, -1, '6500-015', 'FLETES', 0, 15, 0, 1, 0, 0, 0, 15, 0, '2002-04-10 16:38:32', 0);
INSERT INTO `account` (`account_id`, `company_id`, `account_code`, `account`, `balance_sheet_order`, `profit_loss_order`, `postable`, `visible_for_posting`, `inventory_type`, `bank_account_type`, `balance_sheet_section_id`, `profit_loss_section_id`, `fiscal_id`, `last_modified`, `user_id`) VALUES (109, -1, '6500-016', 'CORREOS', 0, 16, 1, 1, 0, 0, 0, 15, 0, '2002-04-10 16:38:49', 0);
INSERT INTO `account` (`account_id`, `company_id`, `account_code`, `account`, `balance_sheet_order`, `profit_loss_order`, `postable`, `visible_for_posting`, `inventory_type`, `bank_account_type`, `balance_sheet_section_id`, `profit_loss_section_id`, `fiscal_id`, `last_modified`, `user_id`) VALUES (110, -1, '6500-017', 'LUZ', 0, 17, 0, 1, 0, 0, 0, 15, 0, '2002-04-10 16:39:03', 0);
INSERT INTO `account` (`account_id`, `company_id`, `account_code`, `account`, `balance_sheet_order`, `profit_loss_order`, `postable`, `visible_for_posting`, `inventory_type`, `bank_account_type`, `balance_sheet_section_id`, `profit_loss_section_id`, `fiscal_id`, `last_modified`, `user_id`) VALUES (111, -1, '6500-018', 'DEPRECIACIONES', 0, 18, 0, 1, 0, 0, 0, 15, 0, '2002-04-10 16:39:19', 0);
INSERT INTO `account` (`account_id`, `company_id`, `account_code`, `account`, `balance_sheet_order`, `profit_loss_order`, `postable`, `visible_for_posting`, `inventory_type`, `bank_account_type`, `balance_sheet_section_id`, `profit_loss_section_id`, `fiscal_id`, `last_modified`, `user_id`) VALUES (112, -1, '6500-018-001', 'DEP. MOBILIARIO Y EQUIPO DE OFICINA', 0, 1, 1, 1, 0, 0, 0, 15, 0, '2002-04-10 16:40:27', 0);
INSERT INTO `account` (`account_id`, `company_id`, `account_code`, `account`, `balance_sheet_order`, `profit_loss_order`, `postable`, `visible_for_posting`, `inventory_type`, `bank_account_type`, `balance_sheet_section_id`, `profit_loss_section_id`, `fiscal_id`, `last_modified`, `user_id`) VALUES (113, -1, '6500-018-002', 'DEP. EQUIPO DE TRANSPORTE', 0, 2, 1, 1, 0, 0, 0, 15, 0, '2002-04-10 16:40:50', 0);
INSERT INTO `account` (`account_id`, `company_id`, `account_code`, `account`, `balance_sheet_order`, `profit_loss_order`, `postable`, `visible_for_posting`, `inventory_type`, `bank_account_type`, `balance_sheet_section_id`, `profit_loss_section_id`, `fiscal_id`, `last_modified`, `user_id`) VALUES (114, -1, '6500-018-003', 'DEP. ACUMULADA EQUIPO DE COMPUTO', 0, 3, 1, 1, 0, 0, 0, 15, 0, '2002-04-10 16:41:19', 0);
INSERT INTO `account` (`account_id`, `company_id`, `account_code`, `account`, `balance_sheet_order`, `profit_loss_order`, `postable`, `visible_for_posting`, `inventory_type`, `bank_account_type`, `balance_sheet_section_id`, `profit_loss_section_id`, `fiscal_id`, `last_modified`, `user_id`) VALUES (115, -1, '6500-019', 'AMORTIZACION', 0, 19, 0, 1, 0, 0, 0, 15, 0, '2002-04-10 16:41:47', 0);
INSERT INTO `account` (`account_id`, `company_id`, `account_code`, `account`, `balance_sheet_order`, `profit_loss_order`, `postable`, `visible_for_posting`, `inventory_type`, `bank_account_type`, `balance_sheet_section_id`, `profit_loss_section_id`, `fiscal_id`, `last_modified`, `user_id`) VALUES (116, -1, '6500-020', 'COMBUSTIBLES Y LUBRICANTES', 0, 20, 0, 1, 0, 0, 0, 15, 0, '2002-04-10 16:42:14', 0);
INSERT INTO `account` (`account_id`, `company_id`, `account_code`, `account`, `balance_sheet_order`, `profit_loss_order`, `postable`, `visible_for_posting`, `inventory_type`, `bank_account_type`, `balance_sheet_section_id`, `profit_loss_section_id`, `fiscal_id`, `last_modified`, `user_id`) VALUES (117, -1, '6500-021', 'DERECHOS POR EL SUMINISTRO DE AGUA', 0, 21, 0, 1, 0, 0, 0, 15, 0, '2002-04-10 16:42:39', 0);
INSERT INTO `account` (`account_id`, `company_id`, `account_code`, `account`, `balance_sheet_order`, `profit_loss_order`, `postable`, `visible_for_posting`, `inventory_type`, `bank_account_type`, `balance_sheet_section_id`, `profit_loss_section_id`, `fiscal_id`, `last_modified`, `user_id`) VALUES (118, -1, '6500-022', 'MANTENIMIENTO Y REPARACION DE AUTOMOVIL', 0, 22, 0, 1, 0, 0, 0, 15, 0, '2002-04-10 16:43:15', 0);
INSERT INTO `account` (`account_id`, `company_id`, `account_code`, `account`, `balance_sheet_order`, `profit_loss_order`, `postable`, `visible_for_posting`, `inventory_type`, `bank_account_type`, `balance_sheet_section_id`, `profit_loss_section_id`, `fiscal_id`, `last_modified`, `user_id`) VALUES (119, -1, '6500-023', 'DIVERSOS', 0, 23, 1, 1, 0, 0, 0, 15, 0, '2002-04-10 16:43:31', 0);
INSERT INTO `account` (`account_id`, `company_id`, `account_code`, `account`, `balance_sheet_order`, `profit_loss_order`, `postable`, `visible_for_posting`, `inventory_type`, `bank_account_type`, `balance_sheet_section_id`, `profit_loss_section_id`, `fiscal_id`, `last_modified`, `user_id`) VALUES (120, -1, '6500-024', 'MULTAS Y RECARGOS', 0, 24, 1, 1, 0, 0, 0, 15, 0, '2002-04-10 16:43:49', 0);
INSERT INTO `account` (`account_id`, `company_id`, `account_code`, `account`, `balance_sheet_order`, `profit_loss_order`, `postable`, `visible_for_posting`, `inventory_type`, `bank_account_type`, `balance_sheet_section_id`, `profit_loss_section_id`, `fiscal_id`, `last_modified`, `user_id`) VALUES (121, -1, '6500-025', 'NO DEDUCIBLES', 0, 25, 1, 1, 0, 0, 0, 15, 0, '2002-04-10 16:44:05', 0);
INSERT INTO `account` (`account_id`, `company_id`, `account_code`, `account`, `balance_sheet_order`, `profit_loss_order`, `postable`, `visible_for_posting`, `inventory_type`, `bank_account_type`, `balance_sheet_section_id`, `profit_loss_section_id`, `fiscal_id`, `last_modified`, `user_id`) VALUES (122, -1, '7100', 'PRODUCTOS FINANCIEROS', 0, 8, 0, 1, 0, 0, 0, 18, 0, '2002-04-10 16:44:59', 0);
INSERT INTO `account` (`account_id`, `company_id`, `account_code`, `account`, `balance_sheet_order`, `profit_loss_order`, `postable`, `visible_for_posting`, `inventory_type`, `bank_account_type`, `balance_sheet_section_id`, `profit_loss_section_id`, `fiscal_id`, `last_modified`, `user_id`) VALUES (123, -1, '7100-001', 'INTERESES GANADOS EN INVERSIONES', 0, 1, 1, 1, 0, 0, 0, 18, 0, '2002-04-10 16:45:38', 0);
INSERT INTO `account` (`account_id`, `company_id`, `account_code`, `account`, `balance_sheet_order`, `profit_loss_order`, `postable`, `visible_for_posting`, `inventory_type`, `bank_account_type`, `balance_sheet_section_id`, `profit_loss_section_id`, `fiscal_id`, `last_modified`, `user_id`) VALUES (124, -1, '7100-002', 'INTERESES COBRADOS A CLIENTES', 0, 2, 1, 1, 0, 0, 0, 18, 0, '2002-04-10 16:45:54', 0);
INSERT INTO `account` (`account_id`, `company_id`, `account_code`, `account`, `balance_sheet_order`, `profit_loss_order`, `postable`, `visible_for_posting`, `inventory_type`, `bank_account_type`, `balance_sheet_section_id`, `profit_loss_section_id`, `fiscal_id`, `last_modified`, `user_id`) VALUES (125, -1, '7100-003', 'INTERESES GENERADOS EN CUENTA DE CHEQUES', 0, 3, 1, 1, 0, 0, 0, 18, 0, '2002-04-10 16:46:19', 0);
INSERT INTO `account` (`account_id`, `company_id`, `account_code`, `account`, `balance_sheet_order`, `profit_loss_order`, `postable`, `visible_for_posting`, `inventory_type`, `bank_account_type`, `balance_sheet_section_id`, `profit_loss_section_id`, `fiscal_id`, `last_modified`, `user_id`) VALUES (126, -1, '7100-004', 'OTROS', 0, 4, 1, 1, 0, 0, 0, 18, 0, '2002-04-10 16:46:31', 0);
INSERT INTO `account` (`account_id`, `company_id`, `account_code`, `account`, `balance_sheet_order`, `profit_loss_order`, `postable`, `visible_for_posting`, `inventory_type`, `bank_account_type`, `balance_sheet_section_id`, `profit_loss_section_id`, `fiscal_id`, `last_modified`, `user_id`) VALUES (127, -1, '7200', 'OTROS PRODUCTOS', 0, 9, 0, 1, 0, 0, 0, 18, 0, '2002-04-10 16:47:29', 0);
INSERT INTO `account` (`account_id`, `company_id`, `account_code`, `account`, `balance_sheet_order`, `profit_loss_order`, `postable`, `visible_for_posting`, `inventory_type`, `bank_account_type`, `balance_sheet_section_id`, `profit_loss_section_id`, `fiscal_id`, `last_modified`, `user_id`) VALUES (128, -1, '7200-001', 'EN VENTAS DE ACTIVO FIJO', 0, 1, 1, 1, 0, 0, 0, 18, 0, '2002-04-10 16:47:47', 0);
INSERT INTO `account` (`account_id`, `company_id`, `account_code`, `account`, `balance_sheet_order`, `profit_loss_order`, `postable`, `visible_for_posting`, `inventory_type`, `bank_account_type`, `balance_sheet_section_id`, `profit_loss_section_id`, `fiscal_id`, `last_modified`, `user_id`) VALUES (129, -1, '7200-002', 'OTROS', 0, 2, 1, 1, 0, 0, 0, 18, 0, '2002-04-10 16:48:18', 0);
INSERT INTO `account` (`account_id`, `company_id`, `account_code`, `account`, `balance_sheet_order`, `profit_loss_order`, `postable`, `visible_for_posting`, `inventory_type`, `bank_account_type`, `balance_sheet_section_id`, `profit_loss_section_id`, `fiscal_id`, `last_modified`, `user_id`) VALUES (130, -1, '7300', 'OTROS INGRESOS', 0, 10, 0, 1, 0, 0, 0, 18, 0, '2002-04-10 16:48:39', 0);
INSERT INTO `account` (`account_id`, `company_id`, `account_code`, `account`, `balance_sheet_order`, `profit_loss_order`, `postable`, `visible_for_posting`, `inventory_type`, `bank_account_type`, `balance_sheet_section_id`, `profit_loss_section_id`, `fiscal_id`, `last_modified`, `user_id`) VALUES (131, -1, '7500', 'GASTOS FINANCIEROS', 0, 11, 0, 1, 0, 0, 0, 17, 0, '2002-04-10 16:49:17', 0);
INSERT INTO `account` (`account_id`, `company_id`, `account_code`, `account`, `balance_sheet_order`, `profit_loss_order`, `postable`, `visible_for_posting`, `inventory_type`, `bank_account_type`, `balance_sheet_section_id`, `profit_loss_section_id`, `fiscal_id`, `last_modified`, `user_id`) VALUES (132, -1, '7500-001', 'INTERESES PAGADOS', 0, 1, 1, 1, 0, 0, 0, 17, 0, '2002-04-10 16:49:37', 0);
INSERT INTO `account` (`account_id`, `company_id`, `account_code`, `account`, `balance_sheet_order`, `profit_loss_order`, `postable`, `visible_for_posting`, `inventory_type`, `bank_account_type`, `balance_sheet_section_id`, `profit_loss_section_id`, `fiscal_id`, `last_modified`, `user_id`) VALUES (133, -1, '7500-002', 'COMISIONES Y SITUACIONES BANCARIAS', 0, 2, 1, 1, 0, 0, 0, 17, 0, '2002-04-10 16:50:00', 0);
INSERT INTO `account` (`account_id`, `company_id`, `account_code`, `account`, `balance_sheet_order`, `profit_loss_order`, `postable`, `visible_for_posting`, `inventory_type`, `bank_account_type`, `balance_sheet_section_id`, `profit_loss_section_id`, `fiscal_id`, `last_modified`, `user_id`) VALUES (134, -1, '7500-003', 'COMISIONES SOBRE CHEQUES DEVUELTOS', 0, 3, 1, 1, 0, 0, 0, 17, 0, '2002-04-10 16:50:21', 0);
INSERT INTO `account` (`account_id`, `company_id`, `account_code`, `account`, `balance_sheet_order`, `profit_loss_order`, `postable`, `visible_for_posting`, `inventory_type`, `bank_account_type`, `balance_sheet_section_id`, `profit_loss_section_id`, `fiscal_id`, `last_modified`, `user_id`) VALUES (135, -1, '7750', 'OTROS GASTOS', 0, 12, 0, 1, 0, 0, 0, 17, 0, '2002-04-10 16:52:54', 0);
INSERT INTO `account` (`account_id`, `company_id`, `account_code`, `account`, `balance_sheet_order`, `profit_loss_order`, `postable`, `visible_for_posting`, `inventory_type`, `bank_account_type`, `balance_sheet_section_id`, `profit_loss_section_id`, `fiscal_id`, `last_modified`, `user_id`) VALUES (136, -1, '7750-001', 'RESULTADO EN VENTA DE ACTIVO FIJO', 0, 1, 1, 1, 0, 0, 0, 17, 0, '2002-04-10 16:53:27', 0);
INSERT INTO `account` (`account_id`, `company_id`, `account_code`, `account`, `balance_sheet_order`, `profit_loss_order`, `postable`, `visible_for_posting`, `inventory_type`, `bank_account_type`, `balance_sheet_section_id`, `profit_loss_section_id`, `fiscal_id`, `last_modified`, `user_id`) VALUES (137, -1, '8000', 'ISR', 0, 13, 0, 1, 0, 0, 0, 19, 0, '2002-04-10 16:54:16', 0);
INSERT INTO `account` (`account_id`, `company_id`, `account_code`, `account`, `balance_sheet_order`, `profit_loss_order`, `postable`, `visible_for_posting`, `inventory_type`, `bank_account_type`, `balance_sheet_section_id`, `profit_loss_section_id`, `fiscal_id`, `last_modified`, `user_id`) VALUES (138, -1, '9000', 'PTU', 0, 14, 0, 1, 0, 0, 0, 20, 0, '2002-04-10 16:54:43', 0);
INSERT INTO `account` (`account_id`, `company_id`, `account_code`, `account`, `balance_sheet_order`, `profit_loss_order`, `postable`, `visible_for_posting`, `inventory_type`, `bank_account_type`, `balance_sheet_section_id`, `profit_loss_section_id`, `fiscal_id`, `last_modified`, `user_id`) VALUES (352, 1, '101', 'CASH', 0, 0, 0, 1, 0, 0, 61, 0, 0, '2005-01-26 11:44:41', 3);
INSERT INTO `account` (`account_id`, `company_id`, `account_code`, `account`, `balance_sheet_order`, `profit_loss_order`, `postable`, `visible_for_posting`, `inventory_type`, `bank_account_type`, `balance_sheet_section_id`, `profit_loss_section_id`, `fiscal_id`, `last_modified`, `user_id`) VALUES (354, 1, '102', 'BANK ACCOUNTS', 0, 0, 0, 1, 0, 0, 61, 0, 0, '2005-01-26 11:47:39', 3);
INSERT INTO `account` (`account_id`, `company_id`, `account_code`, `account`, `balance_sheet_order`, `profit_loss_order`, `postable`, `visible_for_posting`, `inventory_type`, `bank_account_type`, `balance_sheet_section_id`, `profit_loss_section_id`, `fiscal_id`, `last_modified`, `user_id`) VALUES (355, 1, '102-01', 'LOCAL BANKS ACCOUNTS', 0, 0, 0, 1, 0, 0, 61, 0, 0, '2005-01-26 11:48:07', 3);
INSERT INTO `account` (`account_id`, `company_id`, `account_code`, `account`, `balance_sheet_order`, `profit_loss_order`, `postable`, `visible_for_posting`, `inventory_type`, `bank_account_type`, `balance_sheet_section_id`, `profit_loss_section_id`, `fiscal_id`, `last_modified`, `user_id`) VALUES (356, 1, '102-01-001', 'BANK OF AMERICA ACCOUNT #xxx-xxx-4582', 0, 0, 1, 1, 0, 0, 61, 0, 0, '2015-01-20 13:00:41', 4);
INSERT INTO `account` (`account_id`, `company_id`, `account_code`, `account`, `balance_sheet_order`, `profit_loss_order`, `postable`, `visible_for_posting`, `inventory_type`, `bank_account_type`, `balance_sheet_section_id`, `profit_loss_section_id`, `fiscal_id`, `last_modified`, `user_id`) VALUES (357, 1, '102-02', 'INTERNATIONAL BANK ACCOUNTS', 0, 0, 0, 1, 0, 0, 61, 0, 0, '2005-01-26 11:49:27', 3);
INSERT INTO `account` (`account_id`, `company_id`, `account_code`, `account`, `balance_sheet_order`, `profit_loss_order`, `postable`, `visible_for_posting`, `inventory_type`, `bank_account_type`, `balance_sheet_section_id`, `profit_loss_section_id`, `fiscal_id`, `last_modified`, `user_id`) VALUES (358, 1, '105', 'ACCOUNTS RECEIVABLE', 0, 0, 0, 1, 0, 0, 61, 0, 0, '2005-01-26 12:08:08', 3);
INSERT INTO `account` (`account_id`, `company_id`, `account_code`, `account`, `balance_sheet_order`, `profit_loss_order`, `postable`, `visible_for_posting`, `inventory_type`, `bank_account_type`, `balance_sheet_section_id`, `profit_loss_section_id`, `fiscal_id`, `last_modified`, `user_id`) VALUES (359, 1, '105-01-001', 'CUSTOMER ABC, INC.', 0, 0, 1, 1, 0, 0, 61, 0, 0, '2005-01-26 12:08:37', 3);
INSERT INTO `account` (`account_id`, `company_id`, `account_code`, `account`, `balance_sheet_order`, `profit_loss_order`, `postable`, `visible_for_posting`, `inventory_type`, `bank_account_type`, `balance_sheet_section_id`, `profit_loss_section_id`, `fiscal_id`, `last_modified`, `user_id`) VALUES (360, 1, '105-01', 'ACCOUNTS RECEIVABLE - DOMESTIC CLIENTS', 0, 0, 0, 1, 0, 0, 61, 0, 0, '2005-01-26 12:09:07', 3);
INSERT INTO `account` (`account_id`, `company_id`, `account_code`, `account`, `balance_sheet_order`, `profit_loss_order`, `postable`, `visible_for_posting`, `inventory_type`, `bank_account_type`, `balance_sheet_section_id`, `profit_loss_section_id`, `fiscal_id`, `last_modified`, `user_id`) VALUES (383, 1, '105-01-002', 'SYSTEMS INTEGRATED, INC.', 0, 0, 1, 1, 0, 0, 61, 0, 0, '2015-01-20 12:30:02', 4);
INSERT INTO `account` (`account_id`, `company_id`, `account_code`, `account`, `balance_sheet_order`, `profit_loss_order`, `postable`, `visible_for_posting`, `inventory_type`, `bank_account_type`, `balance_sheet_section_id`, `profit_loss_section_id`, `fiscal_id`, `last_modified`, `user_id`) VALUES (385, 1, '107', 'OTHER DEBTORS', 0, 0, 0, 1, 0, 0, 61, 0, 0, '2005-01-26 12:23:16', 3);
INSERT INTO `account` (`account_id`, `company_id`, `account_code`, `account`, `balance_sheet_order`, `profit_loss_order`, `postable`, `visible_for_posting`, `inventory_type`, `bank_account_type`, `balance_sheet_section_id`, `profit_loss_section_id`, `fiscal_id`, `last_modified`, `user_id`) VALUES (386, 1, '107-05-005', 'CHARITY ORGANIZATION, (503).', 0, 0, 1, 1, 0, 0, 61, 0, 0, '2015-01-20 13:10:10', 4);
INSERT INTO `account` (`account_id`, `company_id`, `account_code`, `account`, `balance_sheet_order`, `profit_loss_order`, `postable`, `visible_for_posting`, `inventory_type`, `bank_account_type`, `balance_sheet_section_id`, `profit_loss_section_id`, `fiscal_id`, `last_modified`, `user_id`) VALUES (387, 1, '107-05', 'MISCELLANEOUS DEBTORS', 0, 0, 0, 1, 0, 0, 61, 0, 0, '2005-01-26 12:24:15', 3);
INSERT INTO `account` (`account_id`, `company_id`, `account_code`, `account`, `balance_sheet_order`, `profit_loss_order`, `postable`, `visible_for_posting`, `inventory_type`, `bank_account_type`, `balance_sheet_section_id`, `profit_loss_section_id`, `fiscal_id`, `last_modified`, `user_id`) VALUES (401, 1, '113', 'INTERIM TAX PAYMENTS', 0, 0, 0, 1, 0, 0, 61, 0, 0, '2005-01-26 14:05:41', 3);
INSERT INTO `account` (`account_id`, `company_id`, `account_code`, `account`, `balance_sheet_order`, `profit_loss_order`, `postable`, `visible_for_posting`, `inventory_type`, `bank_account_type`, `balance_sheet_section_id`, `profit_loss_section_id`, `fiscal_id`, `last_modified`, `user_id`) VALUES (402, 1, '114-01', 'INTERIM NET INCOME TAX PAYMENTS', 0, 0, 1, 1, 0, 0, 61, 0, 0, '2005-01-26 14:05:59', 3);
INSERT INTO `account` (`account_id`, `company_id`, `account_code`, `account`, `balance_sheet_order`, `profit_loss_order`, `postable`, `visible_for_posting`, `inventory_type`, `bank_account_type`, `balance_sheet_section_id`, `profit_loss_section_id`, `fiscal_id`, `last_modified`, `user_id`) VALUES (409, 1, '113-01', 'INTERIM VAT PAYMENTS', 0, 0, 1, 1, 0, 0, 61, 0, 0, '2005-01-26 14:09:12', 3);
INSERT INTO `account` (`account_id`, `company_id`, `account_code`, `account`, `balance_sheet_order`, `profit_loss_order`, `postable`, `visible_for_posting`, `inventory_type`, `bank_account_type`, `balance_sheet_section_id`, `profit_loss_section_id`, `fiscal_id`, `last_modified`, `user_id`) VALUES (410, 1, '118', 'TAXES TO BE CREDITED - PRE-PAID', 0, 0, 0, 1, 0, 0, 61, 0, 0, '2005-01-26 14:09:38', 3);
INSERT INTO `account` (`account_id`, `company_id`, `account_code`, `account`, `balance_sheet_order`, `profit_loss_order`, `postable`, `visible_for_posting`, `inventory_type`, `bank_account_type`, `balance_sheet_section_id`, `profit_loss_section_id`, `fiscal_id`, `last_modified`, `user_id`) VALUES (411, 1, '119', 'TAXES TO BE CREDITED - TO BE PAID', 0, 0, 0, 1, 0, 0, 61, 0, 0, '2005-01-26 14:09:59', 3);
INSERT INTO `account` (`account_id`, `company_id`, `account_code`, `account`, `balance_sheet_order`, `profit_loss_order`, `postable`, `visible_for_posting`, `inventory_type`, `bank_account_type`, `balance_sheet_section_id`, `profit_loss_section_id`, `fiscal_id`, `last_modified`, `user_id`) VALUES (412, 1, '118-01', 'VAT TO BE CREDITS - PRE-PAID', 0, 0, 1, 1, 0, 0, 61, 0, 0, '2005-01-26 14:10:45', 3);
INSERT INTO `account` (`account_id`, `company_id`, `account_code`, `account`, `balance_sheet_order`, `profit_loss_order`, `postable`, `visible_for_posting`, `inventory_type`, `bank_account_type`, `balance_sheet_section_id`, `profit_loss_section_id`, `fiscal_id`, `last_modified`, `user_id`) VALUES (413, 1, '119-01', 'VAT TO BE CREDITED - TO BE PAID', 0, 0, 1, 1, 0, 0, 61, 0, 0, '2005-01-26 14:12:07', 3);
INSERT INTO `account` (`account_id`, `company_id`, `account_code`, `account`, `balance_sheet_order`, `profit_loss_order`, `postable`, `visible_for_posting`, `inventory_type`, `bank_account_type`, `balance_sheet_section_id`, `profit_loss_section_id`, `fiscal_id`, `last_modified`, `user_id`) VALUES (414, 1, '120', 'SUPPLIERS PRE-PAYMENTS', 0, 0, 0, 1, 0, 0, 61, 0, 0, '2005-01-26 14:12:26', 3);
INSERT INTO `account` (`account_id`, `company_id`, `account_code`, `account`, `balance_sheet_order`, `profit_loss_order`, `postable`, `visible_for_posting`, `inventory_type`, `bank_account_type`, `balance_sheet_section_id`, `profit_loss_section_id`, `fiscal_id`, `last_modified`, `user_id`) VALUES (415, 1, '120-01', 'DOMESTIC SUPPLIER PRE-PAYMENTS', 0, 0, 0, 1, 0, 0, 61, 0, 0, '2005-01-26 14:12:39', 3);
INSERT INTO `account` (`account_id`, `company_id`, `account_code`, `account`, `balance_sheet_order`, `profit_loss_order`, `postable`, `visible_for_posting`, `inventory_type`, `bank_account_type`, `balance_sheet_section_id`, `profit_loss_section_id`, `fiscal_id`, `last_modified`, `user_id`) VALUES (416, 1, '154', 'EQUIPMENT - TRANSPORTATION', 0, 0, 0, 1, 0, 0, 62, 0, 0, '2005-01-26 17:58:11', 3);
INSERT INTO `account` (`account_id`, `company_id`, `account_code`, `account`, `balance_sheet_order`, `profit_loss_order`, `postable`, `visible_for_posting`, `inventory_type`, `bank_account_type`, `balance_sheet_section_id`, `profit_loss_section_id`, `fiscal_id`, `last_modified`, `user_id`) VALUES (418, 1, '154-01-002', 'HONDA CRV', 0, 0, 1, 1, 0, 0, 62, 0, 0, '2015-01-20 12:34:55', 4);
INSERT INTO `account` (`account_id`, `company_id`, `account_code`, `account`, `balance_sheet_order`, `profit_loss_order`, `postable`, `visible_for_posting`, `inventory_type`, `bank_account_type`, `balance_sheet_section_id`, `profit_loss_section_id`, `fiscal_id`, `last_modified`, `user_id`) VALUES (419, 1, '156', 'EQUIPMENT- COMPUTERS', 0, 0, 0, 1, 0, 0, 62, 0, 0, '2005-01-26 17:59:29', 3);
INSERT INTO `account` (`account_id`, `company_id`, `account_code`, `account`, `balance_sheet_order`, `profit_loss_order`, `postable`, `visible_for_posting`, `inventory_type`, `bank_account_type`, `balance_sheet_section_id`, `profit_loss_section_id`, `fiscal_id`, `last_modified`, `user_id`) VALUES (430, 1, '155', 'EQUIPMENT - OFFICE FURNITURE', 0, 0, 0, 1, 0, 0, 62, 0, 0, '2005-01-26 18:06:23', 3);
INSERT INTO `account` (`account_id`, `company_id`, `account_code`, `account`, `balance_sheet_order`, `profit_loss_order`, `postable`, `visible_for_posting`, `inventory_type`, `bank_account_type`, `balance_sheet_section_id`, `profit_loss_section_id`, `fiscal_id`, `last_modified`, `user_id`) VALUES (438, 1, '171-03', 'ACCUMULATED DEPRECIATION CARS', 0, 0, 0, 1, 0, 0, 62, 0, 0, '2005-01-26 18:12:08', 3);
INSERT INTO `account` (`account_id`, `company_id`, `account_code`, `account`, `balance_sheet_order`, `profit_loss_order`, `postable`, `visible_for_posting`, `inventory_type`, `bank_account_type`, `balance_sheet_section_id`, `profit_loss_section_id`, `fiscal_id`, `last_modified`, `user_id`) VALUES (440, 1, '171-03-002', 'HONDA CRV', 0, 0, 1, 1, 0, 0, 62, 0, 0, '2015-01-20 12:53:02', 4);
INSERT INTO `account` (`account_id`, `company_id`, `account_code`, `account`, `balance_sheet_order`, `profit_loss_order`, `postable`, `visible_for_posting`, `inventory_type`, `bank_account_type`, `balance_sheet_section_id`, `profit_loss_section_id`, `fiscal_id`, `last_modified`, `user_id`) VALUES (441, 1, '171-05', 'ACCUMULATED DEPRECIATION COMPUTERS', 0, 0, 0, 1, 0, 0, 62, 0, 0, '2005-01-26 18:13:07', 3);
INSERT INTO `account` (`account_id`, `company_id`, `account_code`, `account`, `balance_sheet_order`, `profit_loss_order`, `postable`, `visible_for_posting`, `inventory_type`, `bank_account_type`, `balance_sheet_section_id`, `profit_loss_section_id`, `fiscal_id`, `last_modified`, `user_id`) VALUES (451, 1, '171-04', 'ACCUMULATED DEPRECIATION OFFICE FURNITURE', 0, 0, 0, 1, 0, 0, 62, 0, 0, '2005-01-26 18:17:25', 3);
INSERT INTO `account` (`account_id`, `company_id`, `account_code`, `account`, `balance_sheet_order`, `profit_loss_order`, `postable`, `visible_for_posting`, `inventory_type`, `bank_account_type`, `balance_sheet_section_id`, `profit_loss_section_id`, `fiscal_id`, `last_modified`, `user_id`) VALUES (459, 1, '171', 'ACCUMULATED DEPRECIATION OTHER ASSETS', 0, 0, 0, 1, 0, 0, 62, 0, 0, '2005-01-26 18:21:51', 3);
INSERT INTO `account` (`account_id`, `company_id`, `account_code`, `account`, `balance_sheet_order`, `profit_loss_order`, `postable`, `visible_for_posting`, `inventory_type`, `bank_account_type`, `balance_sheet_section_id`, `profit_loss_section_id`, `fiscal_id`, `last_modified`, `user_id`) VALUES (460, 1, '184', 'GUARANTEE DEPOSITS', 0, 0, 0, 1, 0, 0, 63, 0, 0, '2005-01-26 18:20:56', 3);
INSERT INTO `account` (`account_id`, `company_id`, `account_code`, `account`, `balance_sheet_order`, `profit_loss_order`, `postable`, `visible_for_posting`, `inventory_type`, `bank_account_type`, `balance_sheet_section_id`, `profit_loss_section_id`, `fiscal_id`, `last_modified`, `user_id`) VALUES (463, 1, '201', 'PAYABLES', 0, 0, 0, 1, 0, 0, 64, 0, 0, '2005-01-26 18:23:22', 3);
INSERT INTO `account` (`account_id`, `company_id`, `account_code`, `account`, `balance_sheet_order`, `profit_loss_order`, `postable`, `visible_for_posting`, `inventory_type`, `bank_account_type`, `balance_sheet_section_id`, `profit_loss_section_id`, `fiscal_id`, `last_modified`, `user_id`) VALUES (464, 1, '201-01', 'DOMESTIC PAYABLES ', 0, 0, 0, 1, 0, 0, 64, 0, 0, '2005-01-26 18:23:50', 3);
INSERT INTO `account` (`account_id`, `company_id`, `account_code`, `account`, `balance_sheet_order`, `profit_loss_order`, `postable`, `visible_for_posting`, `inventory_type`, `bank_account_type`, `balance_sheet_section_id`, `profit_loss_section_id`, `fiscal_id`, `last_modified`, `user_id`) VALUES (465, 1, '201-02', 'INTERNATIONAL PAYABLES', 0, 0, 0, 1, 0, 0, 64, 0, 0, '2005-01-26 18:24:18', 3);
INSERT INTO `account` (`account_id`, `company_id`, `account_code`, `account`, `balance_sheet_order`, `profit_loss_order`, `postable`, `visible_for_posting`, `inventory_type`, `bank_account_type`, `balance_sheet_section_id`, `profit_loss_section_id`, `fiscal_id`, `last_modified`, `user_id`) VALUES (466, 1, '155-01', 'OFFICE FURNITURE', 0, 0, 0, 1, 0, 0, 62, 0, 0, '2005-01-26 18:24:44', 3);
INSERT INTO `account` (`account_id`, `company_id`, `account_code`, `account`, `balance_sheet_order`, `profit_loss_order`, `postable`, `visible_for_posting`, `inventory_type`, `bank_account_type`, `balance_sheet_section_id`, `profit_loss_section_id`, `fiscal_id`, `last_modified`, `user_id`) VALUES (467, 1, '205', 'ACCRUED EXPENSES', 0, 0, 0, 1, 0, 0, 64, 0, 0, '2005-01-26 18:25:02', 3);
INSERT INTO `account` (`account_id`, `company_id`, `account_code`, `account`, `balance_sheet_order`, `profit_loss_order`, `postable`, `visible_for_posting`, `inventory_type`, `bank_account_type`, `balance_sheet_section_id`, `profit_loss_section_id`, `fiscal_id`, `last_modified`, `user_id`) VALUES (468, 1, '205-02-002', 'AT&T', 0, 0, 1, 1, 0, 0, 64, 0, 0, '2005-01-26 18:25:39', 3);
INSERT INTO `account` (`account_id`, `company_id`, `account_code`, `account`, `balance_sheet_order`, `profit_loss_order`, `postable`, `visible_for_posting`, `inventory_type`, `bank_account_type`, `balance_sheet_section_id`, `profit_loss_section_id`, `fiscal_id`, `last_modified`, `user_id`) VALUES (469, 1, '205-02-003', 'PG&E', 0, 0, 1, 1, 0, 0, 64, 0, 0, '2005-01-26 18:26:13', 3);
INSERT INTO `account` (`account_id`, `company_id`, `account_code`, `account`, `balance_sheet_order`, `profit_loss_order`, `postable`, `visible_for_posting`, `inventory_type`, `bank_account_type`, `balance_sheet_section_id`, `profit_loss_section_id`, `fiscal_id`, `last_modified`, `user_id`) VALUES (470, 1, '205-02-004', 'MFA, PERSONAL', 0, 0, 1, 1, 0, 0, 64, 0, 0, '2015-01-20 13:22:04', 4);
INSERT INTO `account` (`account_id`, `company_id`, `account_code`, `account`, `balance_sheet_order`, `profit_loss_order`, `postable`, `visible_for_posting`, `inventory_type`, `bank_account_type`, `balance_sheet_section_id`, `profit_loss_section_id`, `fiscal_id`, `last_modified`, `user_id`) VALUES (472, 1, '205-02-020', 'MISCELLANEOUS', 0, 0, 1, 1, 0, 0, 64, 0, 0, '2005-01-26 18:27:11', 3);
INSERT INTO `account` (`account_id`, `company_id`, `account_code`, `account`, `balance_sheet_order`, `profit_loss_order`, `postable`, `visible_for_posting`, `inventory_type`, `bank_account_type`, `balance_sheet_section_id`, `profit_loss_section_id`, `fiscal_id`, `last_modified`, `user_id`) VALUES (473, 1, '205-02-100', 'TPW, PERSONAL', 0, 0, 1, 1, 0, 0, 64, 0, 0, '2005-01-26 18:27:53', 3);
INSERT INTO `account` (`account_id`, `company_id`, `account_code`, `account`, `balance_sheet_order`, `profit_loss_order`, `postable`, `visible_for_posting`, `inventory_type`, `bank_account_type`, `balance_sheet_section_id`, `profit_loss_section_id`, `fiscal_id`, `last_modified`, `user_id`) VALUES (474, 1, '216', 'RETAINED TAXES', 0, 0, 0, 1, 0, 0, 64, 0, 0, '2005-01-26 18:29:50', 3);
INSERT INTO `account` (`account_id`, `company_id`, `account_code`, `account`, `balance_sheet_order`, `profit_loss_order`, `postable`, `visible_for_posting`, `inventory_type`, `bank_account_type`, `balance_sheet_section_id`, `profit_loss_section_id`, `fiscal_id`, `last_modified`, `user_id`) VALUES (475, 1, '216-02', 'PROFESSIONAL SERVICES RETAINED TAX', 0, 0, 1, 1, 0, 0, 64, 0, 0, '2005-01-26 18:30:17', 3);
INSERT INTO `account` (`account_id`, `company_id`, `account_code`, `account`, `balance_sheet_order`, `profit_loss_order`, `postable`, `visible_for_posting`, `inventory_type`, `bank_account_type`, `balance_sheet_section_id`, `profit_loss_section_id`, `fiscal_id`, `last_modified`, `user_id`) VALUES (476, 1, '216-04', 'SERVICES RETAINED TAX', 0, 0, 1, 1, 0, 0, 64, 0, 0, '2005-01-26 18:30:41', 3);
INSERT INTO `account` (`account_id`, `company_id`, `account_code`, `account`, `balance_sheet_order`, `profit_loss_order`, `postable`, `visible_for_posting`, `inventory_type`, `bank_account_type`, `balance_sheet_section_id`, `profit_loss_section_id`, `fiscal_id`, `last_modified`, `user_id`) VALUES (477, 1, '216-03', 'RENTS RETAINED TAX', 0, 0, 1, 1, 0, 0, 64, 0, 0, '2005-01-26 18:31:04', 3);
INSERT INTO `account` (`account_id`, `company_id`, `account_code`, `account`, `balance_sheet_order`, `profit_loss_order`, `postable`, `visible_for_posting`, `inventory_type`, `bank_account_type`, `balance_sheet_section_id`, `profit_loss_section_id`, `fiscal_id`, `last_modified`, `user_id`) VALUES (478, 1, '216-10-008', 'PROFESSIONAL SERVICES RETAINED VAT', 0, 0, 1, 1, 0, 0, 64, 0, 0, '2010-03-01 14:58:00', 3);
INSERT INTO `account` (`account_id`, `company_id`, `account_code`, `account`, `balance_sheet_order`, `profit_loss_order`, `postable`, `visible_for_posting`, `inventory_type`, `bank_account_type`, `balance_sheet_section_id`, `profit_loss_section_id`, `fiscal_id`, `last_modified`, `user_id`) VALUES (479, 1, '216-10-009', 'RENTS RETAINED VAT', 0, 0, 1, 1, 0, 0, 64, 0, 0, '2005-01-26 18:31:50', 3);
INSERT INTO `account` (`account_id`, `company_id`, `account_code`, `account`, `balance_sheet_order`, `profit_loss_order`, `postable`, `visible_for_posting`, `inventory_type`, `bank_account_type`, `balance_sheet_section_id`, `profit_loss_section_id`, `fiscal_id`, `last_modified`, `user_id`) VALUES (480, 1, '208', 'ACCRUED TAXES - RECEIVED', 0, 0, 0, 1, 0, 0, 64, 0, 0, '2005-01-26 18:32:09', 3);
INSERT INTO `account` (`account_id`, `company_id`, `account_code`, `account`, `balance_sheet_order`, `profit_loss_order`, `postable`, `visible_for_posting`, `inventory_type`, `bank_account_type`, `balance_sheet_section_id`, `profit_loss_section_id`, `fiscal_id`, `last_modified`, `user_id`) VALUES (481, 1, '208-01', 'VAT COLLECTED FROM CLIENTS - RECEIVED', 0, 0, 1, 1, 0, 0, 64, 0, 0, '2013-04-05 11:34:24', 3);
INSERT INTO `account` (`account_id`, `company_id`, `account_code`, `account`, `balance_sheet_order`, `profit_loss_order`, `postable`, `visible_for_posting`, `inventory_type`, `bank_account_type`, `balance_sheet_section_id`, `profit_loss_section_id`, `fiscal_id`, `last_modified`, `user_id`) VALUES (482, 1, '209', 'ACCRUED TAXES - PENDING', 0, 0, 0, 1, 0, 0, 64, 0, 0, '2005-01-26 18:33:10', 3);
INSERT INTO `account` (`account_id`, `company_id`, `account_code`, `account`, `balance_sheet_order`, `profit_loss_order`, `postable`, `visible_for_posting`, `inventory_type`, `bank_account_type`, `balance_sheet_section_id`, `profit_loss_section_id`, `fiscal_id`, `last_modified`, `user_id`) VALUES (483, 1, '209-01', 'VAT COLLECTED FROM CLIENTS - PENDING', 0, 0, 1, 1, 0, 0, 64, 0, 0, '2005-01-26 18:33:29', 3);
INSERT INTO `account` (`account_id`, `company_id`, `account_code`, `account`, `balance_sheet_order`, `profit_loss_order`, `postable`, `visible_for_posting`, `inventory_type`, `bank_account_type`, `balance_sheet_section_id`, `profit_loss_section_id`, `fiscal_id`, `last_modified`, `user_id`) VALUES (484, 1, '213', 'ACCRUED TAXES - TO BE PAID', 0, 0, 0, 1, 0, 0, 64, 0, 0, '2005-01-26 18:33:45', 3);
INSERT INTO `account` (`account_id`, `company_id`, `account_code`, `account`, `balance_sheet_order`, `profit_loss_order`, `postable`, `visible_for_posting`, `inventory_type`, `bank_account_type`, `balance_sheet_section_id`, `profit_loss_section_id`, `fiscal_id`, `last_modified`, `user_id`) VALUES (485, 1, '213-01', 'VAT COLLECTED FROM CLIENTS - TO BE PAID', 0, 0, 1, 1, 0, 0, 64, 0, 0, '2013-04-05 11:34:49', 3);
INSERT INTO `account` (`account_id`, `company_id`, `account_code`, `account`, `balance_sheet_order`, `profit_loss_order`, `postable`, `visible_for_posting`, `inventory_type`, `bank_account_type`, `balance_sheet_section_id`, `profit_loss_section_id`, `fiscal_id`, `last_modified`, `user_id`) VALUES (486, 1, '206', 'DEFERRED INCOME', 0, 0, 0, 1, 0, 0, 64, 0, 0, '2005-01-26 18:36:11', 3);
INSERT INTO `account` (`account_id`, `company_id`, `account_code`, `account`, `balance_sheet_order`, `profit_loss_order`, `postable`, `visible_for_posting`, `inventory_type`, `bank_account_type`, `balance_sheet_section_id`, `profit_loss_section_id`, `fiscal_id`, `last_modified`, `user_id`) VALUES (487, 1, '206-01', 'DEFERRED INCOME - DOMESTIC', 0, 0, 0, 1, 0, 0, 64, 0, 0, '2005-01-26 18:36:28', 3);
INSERT INTO `account` (`account_id`, `company_id`, `account_code`, `account`, `balance_sheet_order`, `profit_loss_order`, `postable`, `visible_for_posting`, `inventory_type`, `bank_account_type`, `balance_sheet_section_id`, `profit_loss_section_id`, `fiscal_id`, `last_modified`, `user_id`) VALUES (488, 1, '206-01-001', 'CUSTOMER ABC, INC.', 0, 0, 1, 1, 0, 0, 64, 0, 0, '2005-01-26 18:36:52', 3);
INSERT INTO `account` (`account_id`, `company_id`, `account_code`, `account`, `balance_sheet_order`, `profit_loss_order`, `postable`, `visible_for_posting`, `inventory_type`, `bank_account_type`, `balance_sheet_section_id`, `profit_loss_section_id`, `fiscal_id`, `last_modified`, `user_id`) VALUES (489, 1, '301', 'OWNERS EQUITY', 0, 0, 0, 1, 0, 0, 67, 0, 0, '2005-01-26 18:37:25', 3);
INSERT INTO `account` (`account_id`, `company_id`, `account_code`, `account`, `balance_sheet_order`, `profit_loss_order`, `postable`, `visible_for_posting`, `inventory_type`, `bank_account_type`, `balance_sheet_section_id`, `profit_loss_section_id`, `fiscal_id`, `last_modified`, `user_id`) VALUES (490, 1, '301-01', 'EQUITY AT PAR', 0, 0, 1, 1, 0, 0, 67, 0, 0, '2005-01-26 18:37:40', 3);
INSERT INTO `account` (`account_id`, `company_id`, `account_code`, `account`, `balance_sheet_order`, `profit_loss_order`, `postable`, `visible_for_posting`, `inventory_type`, `bank_account_type`, `balance_sheet_section_id`, `profit_loss_section_id`, `fiscal_id`, `last_modified`, `user_id`) VALUES (491, 1, '304', 'RETAINED EARNINGS', 0, 0, 0, 1, 0, 0, 67, 0, 0, '2005-01-26 18:38:02', 3);
INSERT INTO `account` (`account_id`, `company_id`, `account_code`, `account`, `balance_sheet_order`, `profit_loss_order`, `postable`, `visible_for_posting`, `inventory_type`, `bank_account_type`, `balance_sheet_section_id`, `profit_loss_section_id`, `fiscal_id`, `last_modified`, `user_id`) VALUES (492, 1, '304-01-004', 'FY 2004', 0, 0, 1, 1, 0, 0, 67, 0, 0, '2015-01-20 14:39:33', 4);
INSERT INTO `account` (`account_id`, `company_id`, `account_code`, `account`, `balance_sheet_order`, `profit_loss_order`, `postable`, `visible_for_posting`, `inventory_type`, `bank_account_type`, `balance_sheet_section_id`, `profit_loss_section_id`, `fiscal_id`, `last_modified`, `user_id`) VALUES (493, 1, '304-02-000', 'FY 2000', 0, 0, 1, 1, 0, 0, 67, 0, 0, '2015-01-20 14:34:56', 4);
INSERT INTO `account` (`account_id`, `company_id`, `account_code`, `account`, `balance_sheet_order`, `profit_loss_order`, `postable`, `visible_for_posting`, `inventory_type`, `bank_account_type`, `balance_sheet_section_id`, `profit_loss_section_id`, `fiscal_id`, `last_modified`, `user_id`) VALUES (494, 1, '401', 'REVENUE', 0, 0, 0, 1, 0, 0, 0, 68, 0, '2005-01-26 18:39:19', 3);
INSERT INTO `account` (`account_id`, `company_id`, `account_code`, `account`, `balance_sheet_order`, `profit_loss_order`, `postable`, `visible_for_posting`, `inventory_type`, `bank_account_type`, `balance_sheet_section_id`, `profit_loss_section_id`, `fiscal_id`, `last_modified`, `user_id`) VALUES (495, 1, '401-01-001', 'SOFTCORP, INC', 0, 0, 1, 1, 0, 0, 0, 68, 81, '2005-01-26 18:39:48', 3);
INSERT INTO `account` (`account_id`, `company_id`, `account_code`, `account`, `balance_sheet_order`, `profit_loss_order`, `postable`, `visible_for_posting`, `inventory_type`, `bank_account_type`, `balance_sheet_section_id`, `profit_loss_section_id`, `fiscal_id`, `last_modified`, `user_id`) VALUES (496, 1, '304-01', 'RETAINED EARNINGS PROFIT', 0, 0, 0, 1, 0, 0, 67, 0, 0, '2005-01-26 18:40:40', 3);
INSERT INTO `account` (`account_id`, `company_id`, `account_code`, `account`, `balance_sheet_order`, `profit_loss_order`, `postable`, `visible_for_posting`, `inventory_type`, `bank_account_type`, `balance_sheet_section_id`, `profit_loss_section_id`, `fiscal_id`, `last_modified`, `user_id`) VALUES (497, 1, '304-02', 'RETAINED EARNING LOSS', 0, 0, 0, 1, 0, 0, 67, 0, 0, '2005-01-26 18:41:22', 3);
INSERT INTO `account` (`account_id`, `company_id`, `account_code`, `account`, `balance_sheet_order`, `profit_loss_order`, `postable`, `visible_for_posting`, `inventory_type`, `bank_account_type`, `balance_sheet_section_id`, `profit_loss_section_id`, `fiscal_id`, `last_modified`, `user_id`) VALUES (498, 1, '401-01', 'DOMESTIC REVENUE', 0, 0, 0, 1, 0, 0, 0, 68, 81, '2005-01-26 18:41:56', 3);
INSERT INTO `account` (`account_id`, `company_id`, `account_code`, `account`, `balance_sheet_order`, `profit_loss_order`, `postable`, `visible_for_posting`, `inventory_type`, `bank_account_type`, `balance_sheet_section_id`, `profit_loss_section_id`, `fiscal_id`, `last_modified`, `user_id`) VALUES (499, 1, '501', 'COST OF GOODS & SERVICES', 0, 0, 0, 1, 0, 0, 0, 74, 83, '2005-01-26 18:42:35', 3);
INSERT INTO `account` (`account_id`, `company_id`, `account_code`, `account`, `balance_sheet_order`, `profit_loss_order`, `postable`, `visible_for_posting`, `inventory_type`, `bank_account_type`, `balance_sheet_section_id`, `profit_loss_section_id`, `fiscal_id`, `last_modified`, `user_id`) VALUES (500, 1, '401-01-010', 'PG&E', 0, 0, 1, 1, 0, 0, 0, 68, 81, '2005-01-26 18:44:08', 3);
INSERT INTO `account` (`account_id`, `company_id`, `account_code`, `account`, `balance_sheet_order`, `profit_loss_order`, `postable`, `visible_for_posting`, `inventory_type`, `bank_account_type`, `balance_sheet_section_id`, `profit_loss_section_id`, `fiscal_id`, `last_modified`, `user_id`) VALUES (519, 1, '501-01', 'COST OF GOODS', 0, 0, 0, 1, 0, 0, 0, 74, 0, '2005-02-04 13:18:02', 3);
INSERT INTO `account` (`account_id`, `company_id`, `account_code`, `account`, `balance_sheet_order`, `profit_loss_order`, `postable`, `visible_for_posting`, `inventory_type`, `bank_account_type`, `balance_sheet_section_id`, `profit_loss_section_id`, `fiscal_id`, `last_modified`, `user_id`) VALUES (520, 1, '601', 'SELLING AND GENERAL EXPENSES', 0, 0, 0, 1, 0, 0, 0, 76, 0, '2005-02-04 14:20:53', 3);
INSERT INTO `account` (`account_id`, `company_id`, `account_code`, `account`, `balance_sheet_order`, `profit_loss_order`, `postable`, `visible_for_posting`, `inventory_type`, `bank_account_type`, `balance_sheet_section_id`, `profit_loss_section_id`, `fiscal_id`, `last_modified`, `user_id`) VALUES (521, 1, '601-34', 'PROFESSIONAL SERVICES', 0, 0, 0, 1, 0, 0, 0, 76, 0, '2005-02-04 13:21:05', 3);
INSERT INTO `account` (`account_id`, `company_id`, `account_code`, `account`, `balance_sheet_order`, `profit_loss_order`, `postable`, `visible_for_posting`, `inventory_type`, `bank_account_type`, `balance_sheet_section_id`, `profit_loss_section_id`, `fiscal_id`, `last_modified`, `user_id`) VALUES (533, 1, '601-45', 'RENT', 0, 0, 0, 1, 0, 0, 0, 76, 0, '2005-02-04 19:34:51', 3);
INSERT INTO `account` (`account_id`, `company_id`, `account_code`, `account`, `balance_sheet_order`, `profit_loss_order`, `postable`, `visible_for_posting`, `inventory_type`, `bank_account_type`, `balance_sheet_section_id`, `profit_loss_section_id`, `fiscal_id`, `last_modified`, `user_id`) VALUES (535, 1, '601-62', 'EMPLOYEE TRAINING', 0, 0, 0, 1, 0, 0, 0, 76, 0, '2005-02-04 13:30:33', 3);
INSERT INTO `account` (`account_id`, `company_id`, `account_code`, `account`, `balance_sheet_order`, `profit_loss_order`, `postable`, `visible_for_posting`, `inventory_type`, `bank_account_type`, `balance_sheet_section_id`, `profit_loss_section_id`, `fiscal_id`, `last_modified`, `user_id`) VALUES (536, 1, '601-56', 'REPAIR & MAITENANCE', 0, 0, 1, 1, 0, 0, 0, 76, 44, '2005-02-04 13:31:44', 3);
INSERT INTO `account` (`account_id`, `company_id`, `account_code`, `account`, `balance_sheet_order`, `profit_loss_order`, `postable`, `visible_for_posting`, `inventory_type`, `bank_account_type`, `balance_sheet_section_id`, `profit_loss_section_id`, `fiscal_id`, `last_modified`, `user_id`) VALUES (537, 1, '601-55', 'OFFICE SUPPLIES', 0, 0, 0, 1, 0, 0, 0, 76, 0, '2005-02-04 13:32:37', 3);
INSERT INTO `account` (`account_id`, `company_id`, `account_code`, `account`, `balance_sheet_order`, `profit_loss_order`, `postable`, `visible_for_posting`, `inventory_type`, `bank_account_type`, `balance_sheet_section_id`, `profit_loss_section_id`, `fiscal_id`, `last_modified`, `user_id`) VALUES (538, 1, '601-55-001', 'MAXI COPY, INC', 0, 0, 1, 1, 0, 0, 0, 76, 43, '2005-02-04 13:34:12', 3);
INSERT INTO `account` (`account_id`, `company_id`, `account_code`, `account`, `balance_sheet_order`, `profit_loss_order`, `postable`, `visible_for_posting`, `inventory_type`, `bank_account_type`, `balance_sheet_section_id`, `profit_loss_section_id`, `fiscal_id`, `last_modified`, `user_id`) VALUES (539, 1, '601-55-002', 'XEROX, INC', 0, 0, 1, 1, 0, 0, 0, 76, 43, '2005-02-04 13:35:55', 3);
INSERT INTO `account` (`account_id`, `company_id`, `account_code`, `account`, `balance_sheet_order`, `profit_loss_order`, `postable`, `visible_for_posting`, `inventory_type`, `bank_account_type`, `balance_sheet_section_id`, `profit_loss_section_id`, `fiscal_id`, `last_modified`, `user_id`) VALUES (540, 1, '601-55-003', 'OFFICE MAX', 0, 0, 1, 1, 0, 0, 0, 76, 43, '2005-02-04 13:36:35', 3);
INSERT INTO `account` (`account_id`, `company_id`, `account_code`, `account`, `balance_sheet_order`, `profit_loss_order`, `postable`, `visible_for_posting`, `inventory_type`, `bank_account_type`, `balance_sheet_section_id`, `profit_loss_section_id`, `fiscal_id`, `last_modified`, `user_id`) VALUES (541, 1, '601-55-004', 'BEST BUY', 0, 0, 1, 1, 0, 0, 0, 76, 43, '2005-02-04 13:37:06', 3);
INSERT INTO `account` (`account_id`, `company_id`, `account_code`, `account`, `balance_sheet_order`, `profit_loss_order`, `postable`, `visible_for_posting`, `inventory_type`, `bank_account_type`, `balance_sheet_section_id`, `profit_loss_section_id`, `fiscal_id`, `last_modified`, `user_id`) VALUES (542, 1, '601-55-008', 'OFFICE DEPOT', 0, 0, 1, 1, 0, 0, 0, 76, 43, '2005-02-04 13:37:39', 3);
INSERT INTO `account` (`account_id`, `company_id`, `account_code`, `account`, `balance_sheet_order`, `profit_loss_order`, `postable`, `visible_for_posting`, `inventory_type`, `bank_account_type`, `balance_sheet_section_id`, `profit_loss_section_id`, `fiscal_id`, `last_modified`, `user_id`) VALUES (543, 1, '601-55-009', 'JFGV, PERSONAL', 0, 0, 1, 1, 0, 0, 0, 76, 43, '2005-02-04 13:38:10', 3);
INSERT INTO `account` (`account_id`, `company_id`, `account_code`, `account`, `balance_sheet_order`, `profit_loss_order`, `postable`, `visible_for_posting`, `inventory_type`, `bank_account_type`, `balance_sheet_section_id`, `profit_loss_section_id`, `fiscal_id`, `last_modified`, `user_id`) VALUES (544, 1, '601-55-010', 'MISCELLANEOUS OFFICE SUPPLIERS', 0, 0, 1, 1, 0, 0, 0, 76, 43, '2005-02-04 13:38:33', 3);
INSERT INTO `account` (`account_id`, `company_id`, `account_code`, `account`, `balance_sheet_order`, `profit_loss_order`, `postable`, `visible_for_posting`, `inventory_type`, `bank_account_type`, `balance_sheet_section_id`, `profit_loss_section_id`, `fiscal_id`, `last_modified`, `user_id`) VALUES (546, 1, '601-60', 'WEB HOSTING FEES', 0, 0, 0, 1, 0, 0, 0, 76, 0, '2005-02-04 13:40:19', 3);
INSERT INTO `account` (`account_id`, `company_id`, `account_code`, `account`, `balance_sheet_order`, `profit_loss_order`, `postable`, `visible_for_posting`, `inventory_type`, `bank_account_type`, `balance_sheet_section_id`, `profit_loss_section_id`, `fiscal_id`, `last_modified`, `user_id`) VALUES (548, 1, '601-60-001', 'NET ENGINE', 0, 0, 1, 1, 0, 0, 0, 76, 48, '2005-02-04 14:06:54', 3);
INSERT INTO `account` (`account_id`, `company_id`, `account_code`, `account`, `balance_sheet_order`, `profit_loss_order`, `postable`, `visible_for_posting`, `inventory_type`, `bank_account_type`, `balance_sheet_section_id`, `profit_loss_section_id`, `fiscal_id`, `last_modified`, `user_id`) VALUES (553, 1, '601-49', 'TRAVEL EXPENSES', 0, 0, 0, 1, 0, 0, 0, 76, 0, '2005-02-04 14:10:39', 3);
INSERT INTO `account` (`account_id`, `company_id`, `account_code`, `account`, `balance_sheet_order`, `profit_loss_order`, `postable`, `visible_for_posting`, `inventory_type`, `bank_account_type`, `balance_sheet_section_id`, `profit_loss_section_id`, `fiscal_id`, `last_modified`, `user_id`) VALUES (554, 1, '601-72', 'POSTAGE AND COURRIER', 0, 0, 0, 1, 0, 0, 0, 76, 0, '2005-02-04 14:14:03', 3);
INSERT INTO `account` (`account_id`, `company_id`, `account_code`, `account`, `balance_sheet_order`, `profit_loss_order`, `postable`, `visible_for_posting`, `inventory_type`, `bank_account_type`, `balance_sheet_section_id`, `profit_loss_section_id`, `fiscal_id`, `last_modified`, `user_id`) VALUES (555, 1, '601-72-001', 'DHL', 0, 0, 1, 1, 0, 0, 0, 76, 117, '2005-02-04 14:14:52', 3);
INSERT INTO `account` (`account_id`, `company_id`, `account_code`, `account`, `balance_sheet_order`, `profit_loss_order`, `postable`, `visible_for_posting`, `inventory_type`, `bank_account_type`, `balance_sheet_section_id`, `profit_loss_section_id`, `fiscal_id`, `last_modified`, `user_id`) VALUES (556, 1, '601-72-002', 'FEDEX', 0, 0, 1, 1, 0, 0, 0, 76, 117, '2005-02-04 14:15:19', 3);
INSERT INTO `account` (`account_id`, `company_id`, `account_code`, `account`, `balance_sheet_order`, `profit_loss_order`, `postable`, `visible_for_posting`, `inventory_type`, `bank_account_type`, `balance_sheet_section_id`, `profit_loss_section_id`, `fiscal_id`, `last_modified`, `user_id`) VALUES (557, 1, '601-72-010', 'OTHER MAIL COSTS', 0, 0, 1, 1, 0, 0, 0, 76, 117, '2005-02-04 14:15:55', 3);
INSERT INTO `account` (`account_id`, `company_id`, `account_code`, `account`, `balance_sheet_order`, `profit_loss_order`, `postable`, `visible_for_posting`, `inventory_type`, `bank_account_type`, `balance_sheet_section_id`, `profit_loss_section_id`, `fiscal_id`, `last_modified`, `user_id`) VALUES (558, 1, '601-50', 'MOBILE AND INTERNET COMMUNICATIONS', 0, 0, 0, 1, 0, 0, 0, 76, 0, '2005-02-04 14:16:50', 3);
INSERT INTO `account` (`account_id`, `company_id`, `account_code`, `account`, `balance_sheet_order`, `profit_loss_order`, `postable`, `visible_for_posting`, `inventory_type`, `bank_account_type`, `balance_sheet_section_id`, `profit_loss_section_id`, `fiscal_id`, `last_modified`, `user_id`) VALUES (567, 1, '601-52', 'ELECTRICITY AND UTILITIES', 0, 0, 1, 1, 0, 0, 0, 76, 131, '2005-02-04 14:35:41', 3);
INSERT INTO `account` (`account_id`, `company_id`, `account_code`, `account`, `balance_sheet_order`, `profit_loss_order`, `postable`, `visible_for_posting`, `inventory_type`, `bank_account_type`, `balance_sheet_section_id`, `profit_loss_section_id`, `fiscal_id`, `last_modified`, `user_id`) VALUES (568, 1, '601-48', 'GASOLINE', 0, 0, 0, 1, 0, 0, 0, 76, 0, '2005-02-04 14:36:27', 3);
INSERT INTO `account` (`account_id`, `company_id`, `account_code`, `account`, `balance_sheet_order`, `profit_loss_order`, `postable`, `visible_for_posting`, `inventory_type`, `bank_account_type`, `balance_sheet_section_id`, `profit_loss_section_id`, `fiscal_id`, `last_modified`, `user_id`) VALUES (569, 1, '601-83', 'NON-DEDUCTIBLE EXPENSES', 0, 0, 1, 1, 0, 0, 0, 76, 0, '2005-02-04 14:37:31', 3);
INSERT INTO `account` (`account_id`, `company_id`, `account_code`, `account`, `balance_sheet_order`, `profit_loss_order`, `postable`, `visible_for_posting`, `inventory_type`, `bank_account_type`, `balance_sheet_section_id`, `profit_loss_section_id`, `fiscal_id`, `last_modified`, `user_id`) VALUES (571, 1, '601-57', 'INSURANCE EXPENSES', 0, 0, 1, 1, 0, 0, 0, 76, 134, '2005-02-04 14:39:32', 3);
INSERT INTO `account` (`account_id`, `company_id`, `account_code`, `account`, `balance_sheet_order`, `profit_loss_order`, `postable`, `visible_for_posting`, `inventory_type`, `bank_account_type`, `balance_sheet_section_id`, `profit_loss_section_id`, `fiscal_id`, `last_modified`, `user_id`) VALUES (572, 1, '601-61', 'MARKETING AND ADVERTISING EXPENSES', 0, 0, 0, 1, 0, 0, 0, 76, 0, '2012-05-08 10:43:51', 3);
INSERT INTO `account` (`account_id`, `company_id`, `account_code`, `account`, `balance_sheet_order`, `profit_loss_order`, `postable`, `visible_for_posting`, `inventory_type`, `bank_account_type`, `balance_sheet_section_id`, `profit_loss_section_id`, `fiscal_id`, `last_modified`, `user_id`) VALUES (573, 1, '601-84', 'OTHER EXPENSES (MISCELLANEOUS)', 0, 0, 1, 1, 0, 0, 0, 76, 117, '2005-02-04 14:41:00', 3);
INSERT INTO `account` (`account_id`, `company_id`, `account_code`, `account`, `balance_sheet_order`, `profit_loss_order`, `postable`, `visible_for_posting`, `inventory_type`, `bank_account_type`, `balance_sheet_section_id`, `profit_loss_section_id`, `fiscal_id`, `last_modified`, `user_id`) VALUES (574, 1, '601-58', 'TAXES EXPENSES', 0, 0, 0, 1, 0, 0, 0, 76, 0, '2005-02-04 14:42:14', 3);
INSERT INTO `account` (`account_id`, `company_id`, `account_code`, `account`, `balance_sheet_order`, `profit_loss_order`, `postable`, `visible_for_posting`, `inventory_type`, `bank_account_type`, `balance_sheet_section_id`, `profit_loss_section_id`, `fiscal_id`, `last_modified`, `user_id`) VALUES (575, 1, '601-78', 'PROPERTY TAX', 0, 0, 1, 1, 0, 0, 0, 76, 140, '2005-02-04 14:42:45', 3);
INSERT INTO `account` (`account_id`, `company_id`, `account_code`, `account`, `balance_sheet_order`, `profit_loss_order`, `postable`, `visible_for_posting`, `inventory_type`, `bank_account_type`, `balance_sheet_section_id`, `profit_loss_section_id`, `fiscal_id`, `last_modified`, `user_id`) VALUES (576, 1, '601-58-002', 'REAL ESTATE TAX', 0, 0, 1, 1, 0, 0, 0, 76, 142, '2005-02-04 14:43:52', 3);
INSERT INTO `account` (`account_id`, `company_id`, `account_code`, `account`, `balance_sheet_order`, `profit_loss_order`, `postable`, `visible_for_posting`, `inventory_type`, `bank_account_type`, `balance_sheet_section_id`, `profit_loss_section_id`, `fiscal_id`, `last_modified`, `user_id`) VALUES (577, 1, '601-58-003', 'UTILITIY TAX', 0, 0, 1, 1, 0, 0, 0, 76, 141, '2005-02-04 14:44:28', 3);
INSERT INTO `account` (`account_id`, `company_id`, `account_code`, `account`, `balance_sheet_order`, `profit_loss_order`, `postable`, `visible_for_posting`, `inventory_type`, `bank_account_type`, `balance_sheet_section_id`, `profit_loss_section_id`, `fiscal_id`, `last_modified`, `user_id`) VALUES (578, 1, '601-58-004', 'TOLLS', 0, 0, 1, 1, 0, 0, 0, 76, 142, '2005-02-04 14:44:51', 3);
INSERT INTO `account` (`account_id`, `company_id`, `account_code`, `account`, `balance_sheet_order`, `profit_loss_order`, `postable`, `visible_for_posting`, `inventory_type`, `bank_account_type`, `balance_sheet_section_id`, `profit_loss_section_id`, `fiscal_id`, `last_modified`, `user_id`) VALUES (581, 1, '601-64', 'TECHNICAL ASSISTANCE HOUSE', 0, 0, 0, 1, 0, 0, 0, 76, 0, '2005-02-04 14:47:13', 3);
INSERT INTO `account` (`account_id`, `company_id`, `account_code`, `account`, `balance_sheet_order`, `profit_loss_order`, `postable`, `visible_for_posting`, `inventory_type`, `bank_account_type`, `balance_sheet_section_id`, `profit_loss_section_id`, `fiscal_id`, `last_modified`, `user_id`) VALUES (583, 1, '702', 'FINANCIAL GAINS', 0, 0, 0, 1, 0, 0, 0, 78, 0, '2005-02-04 14:48:29', 3);
INSERT INTO `account` (`account_id`, `company_id`, `account_code`, `account`, `balance_sheet_order`, `profit_loss_order`, `postable`, `visible_for_posting`, `inventory_type`, `bank_account_type`, `balance_sheet_section_id`, `profit_loss_section_id`, `fiscal_id`, `last_modified`, `user_id`) VALUES (584, 1, '702-04', 'EARNED INTEREST ON BANK ACCOUNTS', 0, 0, 1, 1, 0, 0, 0, 78, 0, '2005-02-04 14:48:55', 3);
INSERT INTO `account` (`account_id`, `company_id`, `account_code`, `account`, `balance_sheet_order`, `profit_loss_order`, `postable`, `visible_for_posting`, `inventory_type`, `bank_account_type`, `balance_sheet_section_id`, `profit_loss_section_id`, `fiscal_id`, `last_modified`, `user_id`) VALUES (585, 1, '702-01', 'GAIN ON CURRENCY EXCHANGE', 0, 0, 1, 1, 0, 0, 0, 78, 0, '2005-02-04 14:49:19', 3);
INSERT INTO `account` (`account_id`, `company_id`, `account_code`, `account`, `balance_sheet_order`, `profit_loss_order`, `postable`, `visible_for_posting`, `inventory_type`, `bank_account_type`, `balance_sheet_section_id`, `profit_loss_section_id`, `fiscal_id`, `last_modified`, `user_id`) VALUES (586, 1, '704', 'OTHER GAINS', 0, 0, 0, 1, 0, 0, 0, 78, 0, '2006-02-13 13:02:18', 3);
INSERT INTO `account` (`account_id`, `company_id`, `account_code`, `account`, `balance_sheet_order`, `profit_loss_order`, `postable`, `visible_for_posting`, `inventory_type`, `bank_account_type`, `balance_sheet_section_id`, `profit_loss_section_id`, `fiscal_id`, `last_modified`, `user_id`) VALUES (587, 1, '701', 'FINANCIAL EXPENSES', 0, 0, 0, 1, 0, 0, 0, 77, 0, '2005-02-04 14:50:31', 3);
INSERT INTO `account` (`account_id`, `company_id`, `account_code`, `account`, `balance_sheet_order`, `profit_loss_order`, `postable`, `visible_for_posting`, `inventory_type`, `bank_account_type`, `balance_sheet_section_id`, `profit_loss_section_id`, `fiscal_id`, `last_modified`, `user_id`) VALUES (588, 1, '701-10', 'LATE PAYMENT FEES', 0, 0, 1, 1, 0, 0, 0, 77, 0, '2006-02-13 13:02:30', 3);
INSERT INTO `account` (`account_id`, `company_id`, `account_code`, `account`, `balance_sheet_order`, `profit_loss_order`, `postable`, `visible_for_posting`, `inventory_type`, `bank_account_type`, `balance_sheet_section_id`, `profit_loss_section_id`, `fiscal_id`, `last_modified`, `user_id`) VALUES (589, 1, '701-01', 'LOSS DUE TO CURRENCY EXCHANGE', 0, 0, 1, 1, 0, 0, 0, 77, 0, '2005-02-04 14:51:41', 3);
INSERT INTO `account` (`account_id`, `company_id`, `account_code`, `account`, `balance_sheet_order`, `profit_loss_order`, `postable`, `visible_for_posting`, `inventory_type`, `bank_account_type`, `balance_sheet_section_id`, `profit_loss_section_id`, `fiscal_id`, `last_modified`, `user_id`) VALUES (600, 1, '601-48-001', 'EXXON GAS STATIONS', 0, 0, 1, 1, 0, 0, 0, 76, 130, '2005-02-04 16:17:20', 3);
INSERT INTO `account` (`account_id`, `company_id`, `account_code`, `account`, `balance_sheet_order`, `profit_loss_order`, `postable`, `visible_for_posting`, `inventory_type`, `bank_account_type`, `balance_sheet_section_id`, `profit_loss_section_id`, `fiscal_id`, `last_modified`, `user_id`) VALUES (601, 1, '601-48-002', 'SHELL GAS STATIONS', 0, 0, 1, 1, 0, 0, 0, 76, 130, '2005-02-04 16:18:26', 3);
INSERT INTO `account` (`account_id`, `company_id`, `account_code`, `account`, `balance_sheet_order`, `profit_loss_order`, `postable`, `visible_for_posting`, `inventory_type`, `bank_account_type`, `balance_sheet_section_id`, `profit_loss_section_id`, `fiscal_id`, `last_modified`, `user_id`) VALUES (603, 1, '304-01-006', 'FY 2006', 0, 0, 1, 1, 0, 0, 67, 0, 0, '2015-01-20 14:39:14', 4);
INSERT INTO `account` (`account_id`, `company_id`, `account_code`, `account`, `balance_sheet_order`, `profit_loss_order`, `postable`, `visible_for_posting`, `inventory_type`, `bank_account_type`, `balance_sheet_section_id`, `profit_loss_section_id`, `fiscal_id`, `last_modified`, `user_id`) VALUES (608, 1, '504', 'DEPRECIATION', 0, 0, 0, 1, 0, 0, 0, 76, 0, '2005-03-04 13:35:55', 3);
INSERT INTO `account` (`account_id`, `company_id`, `account_code`, `account`, `balance_sheet_order`, `profit_loss_order`, `postable`, `visible_for_posting`, `inventory_type`, `bank_account_type`, `balance_sheet_section_id`, `profit_loss_section_id`, `fiscal_id`, `last_modified`, `user_id`) VALUES (609, 1, '504-09', 'CARS', 0, 0, 1, 1, 0, 0, 0, 76, 0, '2005-03-04 13:36:30', 3);
INSERT INTO `account` (`account_id`, `company_id`, `account_code`, `account`, `balance_sheet_order`, `profit_loss_order`, `postable`, `visible_for_posting`, `inventory_type`, `bank_account_type`, `balance_sheet_section_id`, `profit_loss_section_id`, `fiscal_id`, `last_modified`, `user_id`) VALUES (610, 1, '504-11', 'COMPUTERS', 0, 0, 1, 1, 0, 0, 0, 76, 0, '2005-03-04 13:36:50', 3);
INSERT INTO `account` (`account_id`, `company_id`, `account_code`, `account`, `balance_sheet_order`, `profit_loss_order`, `postable`, `visible_for_posting`, `inventory_type`, `bank_account_type`, `balance_sheet_section_id`, `profit_loss_section_id`, `fiscal_id`, `last_modified`, `user_id`) VALUES (611, 1, '504-10', 'OFFICE FURNITURE', 0, 0, 1, 1, 0, 0, 0, 76, 0, '2005-03-04 13:37:21', 3);
INSERT INTO `account` (`account_id`, `company_id`, `account_code`, `account`, `balance_sheet_order`, `profit_loss_order`, `postable`, `visible_for_posting`, `inventory_type`, `bank_account_type`, `balance_sheet_section_id`, `profit_loss_section_id`, `fiscal_id`, `last_modified`, `user_id`) VALUES (616, 1, '107-05-001', 'MISCELLANEOUS DEBTORS', 0, 0, 1, 1, 0, 0, 61, 0, 0, '2015-01-20 13:58:42', 4);
INSERT INTO `account` (`account_id`, `company_id`, `account_code`, `account`, `balance_sheet_order`, `profit_loss_order`, `postable`, `visible_for_posting`, `inventory_type`, `bank_account_type`, `balance_sheet_section_id`, `profit_loss_section_id`, `fiscal_id`, `last_modified`, `user_id`) VALUES (617, 1, '601-48-003', '7ELEVEN GAS STATIONS', 0, 0, 1, 1, 0, 0, 0, 76, 41, '2005-05-27 12:27:24', 3);
INSERT INTO `account` (`account_id`, `company_id`, `account_code`, `account`, `balance_sheet_order`, `profit_loss_order`, `postable`, `visible_for_posting`, `inventory_type`, `bank_account_type`, `balance_sheet_section_id`, `profit_loss_section_id`, `fiscal_id`, `last_modified`, `user_id`) VALUES (620, 1, '154-01', 'CARS', 0, 0, 0, 1, 0, 0, 62, 0, 0, '2005-06-13 14:08:29', 3);
INSERT INTO `account` (`account_id`, `company_id`, `account_code`, `account`, `balance_sheet_order`, `profit_loss_order`, `postable`, `visible_for_posting`, `inventory_type`, `bank_account_type`, `balance_sheet_section_id`, `profit_loss_section_id`, `fiscal_id`, `last_modified`, `user_id`) VALUES (621, 1, '107-05-002', 'TPW, PERSONAL', 0, 0, 1, 1, 0, 0, 61, 0, 0, '2005-07-01 13:57:32', 3);
INSERT INTO `account` (`account_id`, `company_id`, `account_code`, `account`, `balance_sheet_order`, `profit_loss_order`, `postable`, `visible_for_posting`, `inventory_type`, `bank_account_type`, `balance_sheet_section_id`, `profit_loss_section_id`, `fiscal_id`, `last_modified`, `user_id`) VALUES (622, 1, '601-58-005', 'CAR TAX', 0, 0, 1, 1, 0, 0, 0, 76, 0, '2005-07-08 12:38:36', 3);
INSERT INTO `account` (`account_id`, `company_id`, `account_code`, `account`, `balance_sheet_order`, `profit_loss_order`, `postable`, `visible_for_posting`, `inventory_type`, `bank_account_type`, `balance_sheet_section_id`, `profit_loss_section_id`, `fiscal_id`, `last_modified`, `user_id`) VALUES (625, 1, '205-02-050', 'I SHALL LOVE OTHERS, 503C', 0, 0, 1, 1, 0, 0, 64, 0, 0, '2005-07-29 14:04:51', 3);
INSERT INTO `account` (`account_id`, `company_id`, `account_code`, `account`, `balance_sheet_order`, `profit_loss_order`, `postable`, `visible_for_posting`, `inventory_type`, `bank_account_type`, `balance_sheet_section_id`, `profit_loss_section_id`, `fiscal_id`, `last_modified`, `user_id`) VALUES (635, 1, '205-02-010', 'SOFTCORP, INC', 0, 0, 1, 1, 0, 0, 64, 0, 0, '2015-01-20 13:19:51', 4);
INSERT INTO `account` (`account_id`, `company_id`, `account_code`, `account`, `balance_sheet_order`, `profit_loss_order`, `postable`, `visible_for_posting`, `inventory_type`, `bank_account_type`, `balance_sheet_section_id`, `profit_loss_section_id`, `fiscal_id`, `last_modified`, `user_id`) VALUES (637, 1, '601-49-001', 'L.A. TRAVEL', 0, 0, 1, 1, 0, 0, 0, 76, 0, '2006-01-06 15:53:27', 3);
INSERT INTO `account` (`account_id`, `company_id`, `account_code`, `account`, `balance_sheet_order`, `profit_loss_order`, `postable`, `visible_for_posting`, `inventory_type`, `bank_account_type`, `balance_sheet_section_id`, `profit_loss_section_id`, `fiscal_id`, `last_modified`, `user_id`) VALUES (638, 1, '601-58-006', 'CUSTOM TAXES', 0, 0, 1, 1, 0, 0, 0, 76, 0, '2006-01-06 15:58:16', 3);
INSERT INTO `account` (`account_id`, `company_id`, `account_code`, `account`, `balance_sheet_order`, `profit_loss_order`, `postable`, `visible_for_posting`, `inventory_type`, `bank_account_type`, `balance_sheet_section_id`, `profit_loss_section_id`, `fiscal_id`, `last_modified`, `user_id`) VALUES (640, 1, '205-02-012', 'SIES, PERSONAL', 0, 0, 1, 1, 0, 0, 64, 0, 0, '2006-01-06 17:16:35', 3);
INSERT INTO `account` (`account_id`, `company_id`, `account_code`, `account`, `balance_sheet_order`, `profit_loss_order`, `postable`, `visible_for_posting`, `inventory_type`, `bank_account_type`, `balance_sheet_section_id`, `profit_loss_section_id`, `fiscal_id`, `last_modified`, `user_id`) VALUES (642, 1, '156-01', 'COMPUTERS', 0, 0, 0, 1, 0, 0, 62, 0, 0, '2006-01-06 17:31:19', 3);
INSERT INTO `account` (`account_id`, `company_id`, `account_code`, `account`, `balance_sheet_order`, `profit_loss_order`, `postable`, `visible_for_posting`, `inventory_type`, `bank_account_type`, `balance_sheet_section_id`, `profit_loss_section_id`, `fiscal_id`, `last_modified`, `user_id`) VALUES (643, 1, '107-05-006', 'SOFTCORP, INC', 0, 0, 1, 1, 0, 0, 61, 0, 0, '2015-01-20 13:59:14', 4);
INSERT INTO `account` (`account_id`, `company_id`, `account_code`, `account`, `balance_sheet_order`, `profit_loss_order`, `postable`, `visible_for_posting`, `inventory_type`, `bank_account_type`, `balance_sheet_section_id`, `profit_loss_section_id`, `fiscal_id`, `last_modified`, `user_id`) VALUES (644, 1, '216-01', 'PAYROLL RETAINED TAX - TO BE PAID', 0, 0, 1, 1, 0, 0, 64, 0, 0, '2006-02-10 16:26:18', 3);
INSERT INTO `account` (`account_id`, `company_id`, `account_code`, `account`, `balance_sheet_order`, `profit_loss_order`, `postable`, `visible_for_posting`, `inventory_type`, `bank_account_type`, `balance_sheet_section_id`, `profit_loss_section_id`, `fiscal_id`, `last_modified`, `user_id`) VALUES (647, 1, '601-50-009', 'MAIN LINE WITH INTERNET', 0, 0, 1, 1, 0, 0, 0, 76, 0, '2006-03-03 13:43:40', 3);
INSERT INTO `account` (`account_id`, `company_id`, `account_code`, `account`, `balance_sheet_order`, `profit_loss_order`, `postable`, `visible_for_posting`, `inventory_type`, `bank_account_type`, `balance_sheet_section_id`, `profit_loss_section_id`, `fiscal_id`, `last_modified`, `user_id`) VALUES (648, 1, '601-50-010', 'PHONE NUMBER XXX-XXX-7845', 0, 0, 1, 1, 0, 0, 0, 76, 0, '2006-03-03 13:44:04', 3);
INSERT INTO `account` (`account_id`, `company_id`, `account_code`, `account`, `balance_sheet_order`, `profit_loss_order`, `postable`, `visible_for_posting`, `inventory_type`, `bank_account_type`, `balance_sheet_section_id`, `profit_loss_section_id`, `fiscal_id`, `last_modified`, `user_id`) VALUES (649, 1, '304-01-007', 'FY 2007', 0, 0, 1, 1, 0, 0, 67, 0, 0, '2015-01-20 14:39:01', 4);
INSERT INTO `account` (`account_id`, `company_id`, `account_code`, `account`, `balance_sheet_order`, `profit_loss_order`, `postable`, `visible_for_posting`, `inventory_type`, `bank_account_type`, `balance_sheet_section_id`, `profit_loss_section_id`, `fiscal_id`, `last_modified`, `user_id`) VALUES (654, 1, '601-48-004', 'ARCO GAS STATIONS', 0, 0, 1, 1, 0, 0, 0, 76, 0, '2006-04-25 14:02:29', 3);
INSERT INTO `account` (`account_id`, `company_id`, `account_code`, `account`, `balance_sheet_order`, `profit_loss_order`, `postable`, `visible_for_posting`, `inventory_type`, `bank_account_type`, `balance_sheet_section_id`, `profit_loss_section_id`, `fiscal_id`, `last_modified`, `user_id`) VALUES (659, 1, '601-50-011', 'PHONE NUMBER XXX-XXX-6868', 0, 0, 1, 1, 0, 0, 0, 76, 0, '2006-07-08 12:36:06', 3);
INSERT INTO `account` (`account_id`, `company_id`, `account_code`, `account`, `balance_sheet_order`, `profit_loss_order`, `postable`, `visible_for_posting`, `inventory_type`, `bank_account_type`, `balance_sheet_section_id`, `profit_loss_section_id`, `fiscal_id`, `last_modified`, `user_id`) VALUES (660, 1, '601-64-005', 'CODING FOR A CHANGE', 0, 0, 1, 1, 0, 0, 0, 76, 0, '2006-08-15 01:17:32', 3);
INSERT INTO `account` (`account_id`, `company_id`, `account_code`, `account`, `balance_sheet_order`, `profit_loss_order`, `postable`, `visible_for_posting`, `inventory_type`, `bank_account_type`, `balance_sheet_section_id`, `profit_loss_section_id`, `fiscal_id`, `last_modified`, `user_id`) VALUES (665, 1, '304-01-008', 'FY 2008', 0, 0, 1, 1, 0, 0, 67, 0, 0, '2015-01-20 14:38:50', 4);
INSERT INTO `account` (`account_id`, `company_id`, `account_code`, `account`, `balance_sheet_order`, `profit_loss_order`, `postable`, `visible_for_posting`, `inventory_type`, `bank_account_type`, `balance_sheet_section_id`, `profit_loss_section_id`, `fiscal_id`, `last_modified`, `user_id`) VALUES (672, 1, '601-49-002', 'GUATEMALA TRAVEL', 0, 0, 1, 1, 0, 0, 0, 76, 0, '2007-06-29 12:01:27', 3);
INSERT INTO `account` (`account_id`, `company_id`, `account_code`, `account`, `balance_sheet_order`, `profit_loss_order`, `postable`, `visible_for_posting`, `inventory_type`, `bank_account_type`, `balance_sheet_section_id`, `profit_loss_section_id`, `fiscal_id`, `last_modified`, `user_id`) VALUES (674, 1, '601-62-004', 'SCHOOL OF GRADUATES', 0, 0, 1, 1, 0, 0, 0, 76, 0, '2007-07-23 12:37:42', 3);
INSERT INTO `account` (`account_id`, `company_id`, `account_code`, `account`, `balance_sheet_order`, `profit_loss_order`, `postable`, `visible_for_posting`, `inventory_type`, `bank_account_type`, `balance_sheet_section_id`, `profit_loss_section_id`, `fiscal_id`, `last_modified`, `user_id`) VALUES (676, 1, '601-59', 'TAX PENALTIES', 0, 0, 1, 1, 0, 0, 0, 76, 0, '2007-08-17 11:37:04', 3);
INSERT INTO `account` (`account_id`, `company_id`, `account_code`, `account`, `balance_sheet_order`, `profit_loss_order`, `postable`, `visible_for_posting`, `inventory_type`, `bank_account_type`, `balance_sheet_section_id`, `profit_loss_section_id`, `fiscal_id`, `last_modified`, `user_id`) VALUES (694, 1, '601-63', 'CHARITABLE DONATIONS', 0, 0, 0, 1, 0, 0, 0, 76, 0, '2008-01-04 12:30:54', 3);
INSERT INTO `account` (`account_id`, `company_id`, `account_code`, `account`, `balance_sheet_order`, `profit_loss_order`, `postable`, `visible_for_posting`, `inventory_type`, `bank_account_type`, `balance_sheet_section_id`, `profit_loss_section_id`, `fiscal_id`, `last_modified`, `user_id`) VALUES (696, 1, '304-01-013', 'FY 2013', 0, 0, 1, 1, 0, 0, 67, 0, 0, '2015-01-20 14:38:39', 4);
INSERT INTO `account` (`account_id`, `company_id`, `account_code`, `account`, `balance_sheet_order`, `profit_loss_order`, `postable`, `visible_for_posting`, `inventory_type`, `bank_account_type`, `balance_sheet_section_id`, `profit_loss_section_id`, `fiscal_id`, `last_modified`, `user_id`) VALUES (697, 1, '601-49-003', 'BOGOTA TRAVEL', 0, 0, 1, 1, 0, 0, 0, 76, 0, '2008-02-08 17:07:25', 3);
INSERT INTO `account` (`account_id`, `company_id`, `account_code`, `account`, `balance_sheet_order`, `profit_loss_order`, `postable`, `visible_for_posting`, `inventory_type`, `bank_account_type`, `balance_sheet_section_id`, `profit_loss_section_id`, `fiscal_id`, `last_modified`, `user_id`) VALUES (698, 1, '501-01-004', 'SOFTWARE KITS, INC', 0, 0, 1, 1, 0, 0, 0, 74, 0, '2008-02-18 20:17:21', 3);
INSERT INTO `account` (`account_id`, `company_id`, `account_code`, `account`, `balance_sheet_order`, `profit_loss_order`, `postable`, `visible_for_posting`, `inventory_type`, `bank_account_type`, `balance_sheet_section_id`, `profit_loss_section_id`, `fiscal_id`, `last_modified`, `user_id`) VALUES (699, 1, '601-50-014', 'PHONE NUMBER XXX-XXX-2129', 0, 0, 1, 1, 0, 0, 0, 76, 0, '2008-02-27 16:36:17', 3);
INSERT INTO `account` (`account_id`, `company_id`, `account_code`, `account`, `balance_sheet_order`, `profit_loss_order`, `postable`, `visible_for_posting`, `inventory_type`, `bank_account_type`, `balance_sheet_section_id`, `profit_loss_section_id`, `fiscal_id`, `last_modified`, `user_id`) VALUES (700, 1, '601-55-011', 'HOME DEPOT', 0, 0, 1, 1, 0, 0, 0, 76, 0, '2008-04-04 13:04:22', 3);
INSERT INTO `account` (`account_id`, `company_id`, `account_code`, `account`, `balance_sheet_order`, `profit_loss_order`, `postable`, `visible_for_posting`, `inventory_type`, `bank_account_type`, `balance_sheet_section_id`, `profit_loss_section_id`, `fiscal_id`, `last_modified`, `user_id`) VALUES (703, 1, '114', 'INTERIM TAX PAYMENTS', 0, 0, 0, 1, 0, 0, 61, 0, 0, '2008-04-16 13:47:21', 3);
INSERT INTO `account` (`account_id`, `company_id`, `account_code`, `account`, `balance_sheet_order`, `profit_loss_order`, `postable`, `visible_for_posting`, `inventory_type`, `bank_account_type`, `balance_sheet_section_id`, `profit_loss_section_id`, `fiscal_id`, `last_modified`, `user_id`) VALUES (706, 1, '601-49-004', 'LOCAL TRAVEL', 0, 0, 1, 1, 0, 0, 0, 76, 0, '2008-09-25 13:36:28', 3);
INSERT INTO `account` (`account_id`, `company_id`, `account_code`, `account`, `balance_sheet_order`, `profit_loss_order`, `postable`, `visible_for_posting`, `inventory_type`, `bank_account_type`, `balance_sheet_section_id`, `profit_loss_section_id`, `fiscal_id`, `last_modified`, `user_id`) VALUES (707, 1, '601-58-007', 'OTHER TAXES', 0, 0, 1, 1, 0, 0, 0, 76, 0, '2008-10-28 12:39:30', 3);
INSERT INTO `account` (`account_id`, `company_id`, `account_code`, `account`, `balance_sheet_order`, `profit_loss_order`, `postable`, `visible_for_posting`, `inventory_type`, `bank_account_type`, `balance_sheet_section_id`, `profit_loss_section_id`, `fiscal_id`, `last_modified`, `user_id`) VALUES (708, 1, '601-48-005', 'SUNOCCO', 0, 0, 1, 1, 0, 0, 0, 76, 0, '2008-10-28 13:06:02', 3);
INSERT INTO `account` (`account_id`, `company_id`, `account_code`, `account`, `balance_sheet_order`, `profit_loss_order`, `postable`, `visible_for_posting`, `inventory_type`, `bank_account_type`, `balance_sheet_section_id`, `profit_loss_section_id`, `fiscal_id`, `last_modified`, `user_id`) VALUES (712, 1, '304-01-014', 'FY 2014', 0, 0, 1, 1, 0, 0, 67, 0, 0, '2015-01-20 14:38:25', 4);
INSERT INTO `account` (`account_id`, `company_id`, `account_code`, `account`, `balance_sheet_order`, `profit_loss_order`, `postable`, `visible_for_posting`, `inventory_type`, `bank_account_type`, `balance_sheet_section_id`, `profit_loss_section_id`, `fiscal_id`, `last_modified`, `user_id`) VALUES (715, 1, '611', 'TAX', 0, 0, 0, 1, 0, 0, 0, 79, 0, '2010-04-08 16:06:55', 3);
INSERT INTO `account` (`account_id`, `company_id`, `account_code`, `account`, `balance_sheet_order`, `profit_loss_order`, `postable`, `visible_for_posting`, `inventory_type`, `bank_account_type`, `balance_sheet_section_id`, `profit_loss_section_id`, `fiscal_id`, `last_modified`, `user_id`) VALUES (716, 1, '611-01', 'PROFIT TAX', 0, 0, 1, 1, 0, 0, 0, 79, 0, '2009-04-10 19:26:18', 3);
INSERT INTO `account` (`account_id`, `company_id`, `account_code`, `account`, `balance_sheet_order`, `profit_loss_order`, `postable`, `visible_for_posting`, `inventory_type`, `bank_account_type`, `balance_sheet_section_id`, `profit_loss_section_id`, `fiscal_id`, `last_modified`, `user_id`) VALUES (717, 1, '113-02', 'NET INCOME TAX TO BE CREDITED', 0, 0, 1, 1, 0, 0, 61, 0, 0, '2009-04-10 19:40:21', 3);
INSERT INTO `account` (`account_id`, `company_id`, `account_code`, `account`, `balance_sheet_order`, `profit_loss_order`, `postable`, `visible_for_posting`, `inventory_type`, `bank_account_type`, `balance_sheet_section_id`, `profit_loss_section_id`, `fiscal_id`, `last_modified`, `user_id`) VALUES (719, 1, '601-50-015', 'PHONE NUMBER XXX-XXX-2802', 0, 0, 1, 1, 0, 0, 0, 76, 0, '2009-06-29 17:39:39', 3);
INSERT INTO `account` (`account_id`, `company_id`, `account_code`, `account`, `balance_sheet_order`, `profit_loss_order`, `postable`, `visible_for_posting`, `inventory_type`, `bank_account_type`, `balance_sheet_section_id`, `profit_loss_section_id`, `fiscal_id`, `last_modified`, `user_id`) VALUES (723, 1, '304-02-001', 'FY 2001', 0, 0, 1, 1, 0, 0, 67, 0, 0, '2015-01-20 14:35:26', 4);
INSERT INTO `account` (`account_id`, `company_id`, `account_code`, `account`, `balance_sheet_order`, `profit_loss_order`, `postable`, `visible_for_posting`, `inventory_type`, `bank_account_type`, `balance_sheet_section_id`, `profit_loss_section_id`, `fiscal_id`, `last_modified`, `user_id`) VALUES (730, 1, '216-10', 'RETAINED VAT', 0, 0, 0, 1, 0, 0, 64, 0, 0, '2010-03-01 11:36:28', 3);
INSERT INTO `account` (`account_id`, `company_id`, `account_code`, `account`, `balance_sheet_order`, `profit_loss_order`, `postable`, `visible_for_posting`, `inventory_type`, `bank_account_type`, `balance_sheet_section_id`, `profit_loss_section_id`, `fiscal_id`, `last_modified`, `user_id`) VALUES (732, 1, '601-55-012', 'XEROX MEXICANA, SA DE CV', 0, 0, 1, 1, 0, 0, 0, 76, 0, '2010-04-08 12:19:59', 3);
INSERT INTO `account` (`account_id`, `company_id`, `account_code`, `account`, `balance_sheet_order`, `profit_loss_order`, `postable`, `visible_for_posting`, `inventory_type`, `bank_account_type`, `balance_sheet_section_id`, `profit_loss_section_id`, `fiscal_id`, `last_modified`, `user_id`) VALUES (737, 1, '101-01', 'PETTY CASH', 0, 0, 1, 1, 0, 0, 61, 0, 0, '2010-11-12 16:12:36', 3);
INSERT INTO `account` (`account_id`, `company_id`, `account_code`, `account`, `balance_sheet_order`, `profit_loss_order`, `postable`, `visible_for_posting`, `inventory_type`, `bank_account_type`, `balance_sheet_section_id`, `profit_loss_section_id`, `fiscal_id`, `last_modified`, `user_id`) VALUES (744, 1, '205-02-104', 'A, PERSONAL', 0, 0, 1, 1, 0, 0, 64, 0, 0, '2015-01-20 13:26:36', 4);
INSERT INTO `account` (`account_id`, `company_id`, `account_code`, `account`, `balance_sheet_order`, `profit_loss_order`, `postable`, `visible_for_posting`, `inventory_type`, `bank_account_type`, `balance_sheet_section_id`, `profit_loss_section_id`, `fiscal_id`, `last_modified`, `user_id`) VALUES (745, 1, '601-62-008', 'TRAIN THE TRAINERS, INC', 0, 0, 1, 1, 0, 0, 0, 76, 0, '2010-12-03 15:56:02', 3);
INSERT INTO `account` (`account_id`, `company_id`, `account_code`, `account`, `balance_sheet_order`, `profit_loss_order`, `postable`, `visible_for_posting`, `inventory_type`, `bank_account_type`, `balance_sheet_section_id`, `profit_loss_section_id`, `fiscal_id`, `last_modified`, `user_id`) VALUES (746, 1, '205-02', 'ACCRUED EXPENSES - DOMESTIC', 0, 0, 0, 1, 0, 0, 64, 0, 0, '2010-12-15 18:50:37', 3);
INSERT INTO `account` (`account_id`, `company_id`, `account_code`, `account`, `balance_sheet_order`, `profit_loss_order`, `postable`, `visible_for_posting`, `inventory_type`, `bank_account_type`, `balance_sheet_section_id`, `profit_loss_section_id`, `fiscal_id`, `last_modified`, `user_id`) VALUES (748, 1, '304-02-002', 'FY 2002', 0, 0, 1, 1, 0, 0, 67, 0, 0, '2015-01-20 14:35:48', 4);
INSERT INTO `account` (`account_id`, `company_id`, `account_code`, `account`, `balance_sheet_order`, `profit_loss_order`, `postable`, `visible_for_posting`, `inventory_type`, `bank_account_type`, `balance_sheet_section_id`, `profit_loss_section_id`, `fiscal_id`, `last_modified`, `user_id`) VALUES (751, 1, '102-02-001', 'LLOYDS BANK #xx-xxxx-xxx765', 0, 0, 1, 1, 0, 0, 61, 0, 0, '2011-05-06 15:28:47', 3);
INSERT INTO `account` (`account_id`, `company_id`, `account_code`, `account`, `balance_sheet_order`, `profit_loss_order`, `postable`, `visible_for_posting`, `inventory_type`, `bank_account_type`, `balance_sheet_section_id`, `profit_loss_section_id`, `fiscal_id`, `last_modified`, `user_id`) VALUES (754, 1, '601-49-005', 'VENEZUELA TRAVEL', 0, 0, 1, 1, 0, 0, 0, 76, 0, '2011-05-13 11:41:07', 3);
INSERT INTO `account` (`account_id`, `company_id`, `account_code`, `account`, `balance_sheet_order`, `profit_loss_order`, `postable`, `visible_for_posting`, `inventory_type`, `bank_account_type`, `balance_sheet_section_id`, `profit_loss_section_id`, `fiscal_id`, `last_modified`, `user_id`) VALUES (755, 1, '105-01-005', 'EDUCATIONAL LMS, INC.', 0, 0, 1, 1, 0, 0, 61, 0, 0, '2011-05-27 17:38:04', 3);
INSERT INTO `account` (`account_id`, `company_id`, `account_code`, `account`, `balance_sheet_order`, `profit_loss_order`, `postable`, `visible_for_posting`, `inventory_type`, `bank_account_type`, `balance_sheet_section_id`, `profit_loss_section_id`, `fiscal_id`, `last_modified`, `user_id`) VALUES (756, 1, '401-01-005', 'EDUCATIONAL LMS, INC.', 0, 0, 1, 1, 0, 0, 0, 68, 0, '2011-05-27 17:38:29', 3);
INSERT INTO `account` (`account_id`, `company_id`, `account_code`, `account`, `balance_sheet_order`, `profit_loss_order`, `postable`, `visible_for_posting`, `inventory_type`, `bank_account_type`, `balance_sheet_section_id`, `profit_loss_section_id`, `fiscal_id`, `last_modified`, `user_id`) VALUES (759, 1, '601-55-013', 'NLR, PERSONAL', 0, 0, 1, 1, 0, 0, 0, 76, 0, '2011-10-16 13:24:58', 3);
INSERT INTO `account` (`account_id`, `company_id`, `account_code`, `account`, `balance_sheet_order`, `profit_loss_order`, `postable`, `visible_for_posting`, `inventory_type`, `bank_account_type`, `balance_sheet_section_id`, `profit_loss_section_id`, `fiscal_id`, `last_modified`, `user_id`) VALUES (760, 1, '601-55-014', 'SUMINISTROS ESPARTA, SPAIN', 0, 0, 1, 1, 0, 0, 0, 76, 0, '2011-10-16 13:25:46', 3);
INSERT INTO `account` (`account_id`, `company_id`, `account_code`, `account`, `balance_sheet_order`, `profit_loss_order`, `postable`, `visible_for_posting`, `inventory_type`, `bank_account_type`, `balance_sheet_section_id`, `profit_loss_section_id`, `fiscal_id`, `last_modified`, `user_id`) VALUES (761, 1, '601-48-006', 'CHEVRON', 0, 0, 1, 1, 0, 0, 0, 76, 0, '2011-10-16 16:28:53', 3);
INSERT INTO `account` (`account_id`, `company_id`, `account_code`, `account`, `balance_sheet_order`, `profit_loss_order`, `postable`, `visible_for_posting`, `inventory_type`, `bank_account_type`, `balance_sheet_section_id`, `profit_loss_section_id`, `fiscal_id`, `last_modified`, `user_id`) VALUES (765, 1, '501-01-005', 'FENAZ CORPORATE SOLUTIONS FOR BUSINESS, LLC', 0, 0, 1, 1, 0, 0, 0, 74, 0, '2012-01-06 14:54:33', 3);
INSERT INTO `account` (`account_id`, `company_id`, `account_code`, `account`, `balance_sheet_order`, `profit_loss_order`, `postable`, `visible_for_posting`, `inventory_type`, `bank_account_type`, `balance_sheet_section_id`, `profit_loss_section_id`, `fiscal_id`, `last_modified`, `user_id`) VALUES (767, 1, '501-01-007', 'FINAL PLAN, INC', 0, 0, 1, 1, 0, 0, 0, 74, 0, '2013-03-08 16:33:04', 3);
INSERT INTO `account` (`account_id`, `company_id`, `account_code`, `account`, `balance_sheet_order`, `profit_loss_order`, `postable`, `visible_for_posting`, `inventory_type`, `bank_account_type`, `balance_sheet_section_id`, `profit_loss_section_id`, `fiscal_id`, `last_modified`, `user_id`) VALUES (769, 1, '601-49-006', 'SPAIN TRAVEL', 0, 0, 1, 1, 0, 0, 0, 76, 0, '2012-06-11 15:52:04', 3);
INSERT INTO `account` (`account_id`, `company_id`, `account_code`, `account`, `balance_sheet_order`, `profit_loss_order`, `postable`, `visible_for_posting`, `inventory_type`, `bank_account_type`, `balance_sheet_section_id`, `profit_loss_section_id`, `fiscal_id`, `last_modified`, `user_id`) VALUES (772, 1, '601-49-007', 'BRAZIL TRAVEL', 0, 0, 1, 1, 0, 0, 0, 76, 0, '2012-11-08 16:32:57', 3);
INSERT INTO `account` (`account_id`, `company_id`, `account_code`, `account`, `balance_sheet_order`, `profit_loss_order`, `postable`, `visible_for_posting`, `inventory_type`, `bank_account_type`, `balance_sheet_section_id`, `profit_loss_section_id`, `fiscal_id`, `last_modified`, `user_id`) VALUES (776, 1, '304-02-003', 'FY 2003', 0, 0, 1, 1, 0, 0, 67, 0, 0, '2015-01-20 14:36:14', 4);
INSERT INTO `account` (`account_id`, `company_id`, `account_code`, `account`, `balance_sheet_order`, `profit_loss_order`, `postable`, `visible_for_posting`, `inventory_type`, `bank_account_type`, `balance_sheet_section_id`, `profit_loss_section_id`, `fiscal_id`, `last_modified`, `user_id`) VALUES (777, 1, '401-04', 'INTERNATIONAL REVENUE', 0, 0, 0, 1, 0, 0, 0, 68, 0, '2013-02-12 11:04:09', 3);
INSERT INTO `account` (`account_id`, `company_id`, `account_code`, `account`, `balance_sheet_order`, `profit_loss_order`, `postable`, `visible_for_posting`, `inventory_type`, `bank_account_type`, `balance_sheet_section_id`, `profit_loss_section_id`, `fiscal_id`, `last_modified`, `user_id`) VALUES (778, 1, '401-04-001', 'CUSTOMER ABC (COLOMBIA)', 0, 0, 1, 1, 0, 0, 0, 68, 0, '2015-04-15 10:07:23', 4);
INSERT INTO `account` (`account_id`, `company_id`, `account_code`, `account`, `balance_sheet_order`, `profit_loss_order`, `postable`, `visible_for_posting`, `inventory_type`, `bank_account_type`, `balance_sheet_section_id`, `profit_loss_section_id`, `fiscal_id`, `last_modified`, `user_id`) VALUES (779, 1, '105-02', 'ACCOUNTS RECEIVABLE - INTERNATIONAL CLIENTS', 0, 0, 0, 1, 0, 0, 61, 0, 0, '2013-02-12 11:13:53', 3);
INSERT INTO `account` (`account_id`, `company_id`, `account_code`, `account`, `balance_sheet_order`, `profit_loss_order`, `postable`, `visible_for_posting`, `inventory_type`, `bank_account_type`, `balance_sheet_section_id`, `profit_loss_section_id`, `fiscal_id`, `last_modified`, `user_id`) VALUES (780, 1, '105-02-001', 'CUSTOMER ABC (COLOMBIA)', 0, 0, 1, 1, 0, 0, 61, 0, 0, '2015-01-20 12:31:58', 4);
INSERT INTO `account` (`account_id`, `company_id`, `account_code`, `account`, `balance_sheet_order`, `profit_loss_order`, `postable`, `visible_for_posting`, `inventory_type`, `bank_account_type`, `balance_sheet_section_id`, `profit_loss_section_id`, `fiscal_id`, `last_modified`, `user_id`) VALUES (781, 1, '401-04-002', 'NETED & KNOWLEDGE PRODUCERS, LLC', 0, 0, 1, 1, 0, 0, 0, 68, 0, '2013-02-12 11:28:01', 3);
INSERT INTO `account` (`account_id`, `company_id`, `account_code`, `account`, `balance_sheet_order`, `profit_loss_order`, `postable`, `visible_for_posting`, `inventory_type`, `bank_account_type`, `balance_sheet_section_id`, `profit_loss_section_id`, `fiscal_id`, `last_modified`, `user_id`) VALUES (782, 1, '105-02-002', 'NETED & KNOWLEDGE PRODUCERS, LLC', 0, 0, 1, 1, 0, 0, 61, 0, 0, '2013-02-12 11:30:00', 3);
INSERT INTO `account` (`account_id`, `company_id`, `account_code`, `account`, `balance_sheet_order`, `profit_loss_order`, `postable`, `visible_for_posting`, `inventory_type`, `bank_account_type`, `balance_sheet_section_id`, `profit_loss_section_id`, `fiscal_id`, `last_modified`, `user_id`) VALUES (783, 1, '113-08', 'OTHE TAXES TO BE CREDITED', 0, 0, 0, 1, 0, 0, 61, 0, 0, '2013-02-12 11:48:18', 3);
INSERT INTO `account` (`account_id`, `company_id`, `account_code`, `account`, `balance_sheet_order`, `profit_loss_order`, `postable`, `visible_for_posting`, `inventory_type`, `bank_account_type`, `balance_sheet_section_id`, `profit_loss_section_id`, `fiscal_id`, `last_modified`, `user_id`) VALUES (784, 1, '113-08-001', 'RETAINED TAX - COLOMBIA', 0, 0, 1, 1, 0, 0, 61, 0, 0, '2015-01-20 12:32:48', 4);
INSERT INTO `account` (`account_id`, `company_id`, `account_code`, `account`, `balance_sheet_order`, `profit_loss_order`, `postable`, `visible_for_posting`, `inventory_type`, `bank_account_type`, `balance_sheet_section_id`, `profit_loss_section_id`, `fiscal_id`, `last_modified`, `user_id`) VALUES (785, 1, '601-49-008', 'NYC TRAVEL', 0, 0, 1, 1, 0, 0, 0, 76, 0, '2013-03-11 12:52:54', 3);
INSERT INTO `account` (`account_id`, `company_id`, `account_code`, `account`, `balance_sheet_order`, `profit_loss_order`, `postable`, `visible_for_posting`, `inventory_type`, `bank_account_type`, `balance_sheet_section_id`, `profit_loss_section_id`, `fiscal_id`, `last_modified`, `user_id`) VALUES (786, 1, '601-64-012', 'JPM, PERSONAL', 0, 0, 1, 1, 0, 0, 0, 76, 0, '2013-05-09 15:48:32', 3);
INSERT INTO `account` (`account_id`, `company_id`, `account_code`, `account`, `balance_sheet_order`, `profit_loss_order`, `postable`, `visible_for_posting`, `inventory_type`, `bank_account_type`, `balance_sheet_section_id`, `profit_loss_section_id`, `fiscal_id`, `last_modified`, `user_id`) VALUES (787, 1, '105-02-003', 'CUSTOMER ABC (BRAZIL)', 0, 0, 1, 1, 0, 0, 61, 0, 0, '2013-05-13 12:25:28', 3);
INSERT INTO `account` (`account_id`, `company_id`, `account_code`, `account`, `balance_sheet_order`, `profit_loss_order`, `postable`, `visible_for_posting`, `inventory_type`, `bank_account_type`, `balance_sheet_section_id`, `profit_loss_section_id`, `fiscal_id`, `last_modified`, `user_id`) VALUES (788, 1, '401-04-003', 'CUSTOMER ABC (BRAZIL)', 0, 0, 1, 1, 0, 0, 0, 68, 0, '2013-05-13 12:27:26', 3);
INSERT INTO `account` (`account_id`, `company_id`, `account_code`, `account`, `balance_sheet_order`, `profit_loss_order`, `postable`, `visible_for_posting`, `inventory_type`, `bank_account_type`, `balance_sheet_section_id`, `profit_loss_section_id`, `fiscal_id`, `last_modified`, `user_id`) VALUES (789, 1, '601-49-009', 'FLORIDA TRAVEL', 0, 0, 1, 1, 0, 0, 0, 76, 0, '2013-09-05 13:59:16', 3);
INSERT INTO `account` (`account_id`, `company_id`, `account_code`, `account`, `balance_sheet_order`, `profit_loss_order`, `postable`, `visible_for_posting`, `inventory_type`, `bank_account_type`, `balance_sheet_section_id`, `profit_loss_section_id`, `fiscal_id`, `last_modified`, `user_id`) VALUES (791, 1, '107-05-013', 'OTHERS', 0, 0, 1, 1, 0, 0, 61, 0, 0, '2013-11-11 11:03:41', 3);
INSERT INTO `account` (`account_id`, `company_id`, `account_code`, `account`, `balance_sheet_order`, `profit_loss_order`, `postable`, `visible_for_posting`, `inventory_type`, `bank_account_type`, `balance_sheet_section_id`, `profit_loss_section_id`, `fiscal_id`, `last_modified`, `user_id`) VALUES (792, 1, '107-05-014', 'FGA, PERSONAL', 0, 0, 1, 1, 0, 0, 61, 0, 0, '2013-12-10 10:31:22', 3);
INSERT INTO `account` (`account_id`, `company_id`, `account_code`, `account`, `balance_sheet_order`, `profit_loss_order`, `postable`, `visible_for_posting`, `inventory_type`, `bank_account_type`, `balance_sheet_section_id`, `profit_loss_section_id`, `fiscal_id`, `last_modified`, `user_id`) VALUES (793, 1, '601-64-014', ' ACCOUNTING SCHOOL FOR SENIORS', 0, 0, 1, 1, 0, 0, 0, 76, 0, '2013-12-10 13:24:37', 3);
INSERT INTO `account` (`account_id`, `company_id`, `account_code`, `account`, `balance_sheet_order`, `profit_loss_order`, `postable`, `visible_for_posting`, `inventory_type`, `bank_account_type`, `balance_sheet_section_id`, `profit_loss_section_id`, `fiscal_id`, `last_modified`, `user_id`) VALUES (796, 1, '601-45-003', 'SOMA OFFICE RENT', 0, 0, 1, 1, 0, 0, 0, 76, 120, '2014-02-07 16:28:25', 3);
INSERT INTO `account` (`account_id`, `company_id`, `account_code`, `account`, `balance_sheet_order`, `profit_loss_order`, `postable`, `visible_for_posting`, `inventory_type`, `bank_account_type`, `balance_sheet_section_id`, `profit_loss_section_id`, `fiscal_id`, `last_modified`, `user_id`) VALUES (797, 1, '501-01-008', 'ROFOBOS SPECIALISTS, INC', 0, 0, 1, 1, 0, 0, 0, 74, 0, '2014-03-06 11:23:35', 3);
INSERT INTO `account` (`account_id`, `company_id`, `account_code`, `account`, `balance_sheet_order`, `profit_loss_order`, `postable`, `visible_for_posting`, `inventory_type`, `bank_account_type`, `balance_sheet_section_id`, `profit_loss_section_id`, `fiscal_id`, `last_modified`, `user_id`) VALUES (799, 1, '205-02-014', 'CASH REWARDS CREDIT CARD - 6267', 0, 0, 1, 1, 0, 0, 64, 0, 0, '2015-01-20 13:25:09', 4);
INSERT INTO `account` (`account_id`, `company_id`, `account_code`, `account`, `balance_sheet_order`, `profit_loss_order`, `postable`, `visible_for_posting`, `inventory_type`, `bank_account_type`, `balance_sheet_section_id`, `profit_loss_section_id`, `fiscal_id`, `last_modified`, `user_id`) VALUES (800, 1, '105-02-004', 'MODERN TRAVEL, LTDA', 0, 0, 1, 1, 0, 0, 61, 0, 0, '2014-04-04 16:35:52', 3);
INSERT INTO `account` (`account_id`, `company_id`, `account_code`, `account`, `balance_sheet_order`, `profit_loss_order`, `postable`, `visible_for_posting`, `inventory_type`, `bank_account_type`, `balance_sheet_section_id`, `profit_loss_section_id`, `fiscal_id`, `last_modified`, `user_id`) VALUES (801, 1, '401-04-004', 'MODERN TRAVEL, LTDA', 0, 0, 1, 1, 0, 0, 0, 68, 0, '2014-04-04 16:36:57', 3);
INSERT INTO `account` (`account_id`, `company_id`, `account_code`, `account`, `balance_sheet_order`, `profit_loss_order`, `postable`, `visible_for_posting`, `inventory_type`, `bank_account_type`, `balance_sheet_section_id`, `profit_loss_section_id`, `fiscal_id`, `last_modified`, `user_id`) VALUES (806, 1, '105-02-005', 'CUSTOMER ABC (GUATEMALA)', 0, 0, 1, 1, 0, 0, 61, 0, 0, '2014-05-09 11:19:52', 3);
INSERT INTO `account` (`account_id`, `company_id`, `account_code`, `account`, `balance_sheet_order`, `profit_loss_order`, `postable`, `visible_for_posting`, `inventory_type`, `bank_account_type`, `balance_sheet_section_id`, `profit_loss_section_id`, `fiscal_id`, `last_modified`, `user_id`) VALUES (807, 1, '401-04-005', 'CUSTOMER ABC (GUATEMALA)', 0, 0, 1, 1, 0, 0, 0, 68, 0, '2014-05-09 11:19:15', 3);
INSERT INTO `account` (`account_id`, `company_id`, `account_code`, `account`, `balance_sheet_order`, `profit_loss_order`, `postable`, `visible_for_posting`, `inventory_type`, `bank_account_type`, `balance_sheet_section_id`, `profit_loss_section_id`, `fiscal_id`, `last_modified`, `user_id`) VALUES (808, 1, '601-50-016', 'PHONE NUMBER XXX-XXX-5477', 0, 0, 1, 1, 0, 0, 0, 76, 0, '2014-08-06 13:53:11', 3);
INSERT INTO `account` (`account_id`, `company_id`, `account_code`, `account`, `balance_sheet_order`, `profit_loss_order`, `postable`, `visible_for_posting`, `inventory_type`, `bank_account_type`, `balance_sheet_section_id`, `profit_loss_section_id`, `fiscal_id`, `last_modified`, `user_id`) VALUES (809, 1, '601-64-015', 'KITCHEN SOUP, 503C', 0, 0, 1, 1, 0, 0, 0, 76, 0, '2014-09-08 12:56:36', 3);
INSERT INTO `account` (`account_id`, `company_id`, `account_code`, `account`, `balance_sheet_order`, `profit_loss_order`, `postable`, `visible_for_posting`, `inventory_type`, `bank_account_type`, `balance_sheet_section_id`, `profit_loss_section_id`, `fiscal_id`, `last_modified`, `user_id`) VALUES (810, 1, '601-64-016', 'COS, PERSONAL', 0, 0, 1, 1, 0, 0, 0, 76, 0, '2014-09-08 13:43:47', 3);
INSERT INTO `account` (`account_id`, `company_id`, `account_code`, `account`, `balance_sheet_order`, `profit_loss_order`, `postable`, `visible_for_posting`, `inventory_type`, `bank_account_type`, `balance_sheet_section_id`, `profit_loss_section_id`, `fiscal_id`, `last_modified`, `user_id`) VALUES (812, 1, '304-02-005', 'FY 2005', 0, 0, 1, 1, 0, 0, 67, 0, 0, '2015-01-20 14:36:29', 4);
INSERT INTO `account` (`account_id`, `company_id`, `account_code`, `account`, `balance_sheet_order`, `profit_loss_order`, `postable`, `visible_for_posting`, `inventory_type`, `bank_account_type`, `balance_sheet_section_id`, `profit_loss_section_id`, `fiscal_id`, `last_modified`, `user_id`) VALUES (813, 1, '304-02-009', 'FY 2009', 0, 0, 1, 1, 0, 0, 67, 0, 0, '2015-01-20 14:36:41', 4);
INSERT INTO `account` (`account_id`, `company_id`, `account_code`, `account`, `balance_sheet_order`, `profit_loss_order`, `postable`, `visible_for_posting`, `inventory_type`, `bank_account_type`, `balance_sheet_section_id`, `profit_loss_section_id`, `fiscal_id`, `last_modified`, `user_id`) VALUES (814, 1, '304-02-010', 'FY 2010', 0, 0, 1, 1, 0, 0, 67, 0, 0, '2015-01-20 14:36:53', 4);
INSERT INTO `account` (`account_id`, `company_id`, `account_code`, `account`, `balance_sheet_order`, `profit_loss_order`, `postable`, `visible_for_posting`, `inventory_type`, `bank_account_type`, `balance_sheet_section_id`, `profit_loss_section_id`, `fiscal_id`, `last_modified`, `user_id`) VALUES (815, 1, '304-02-011', 'FY 2011', 0, 0, 1, 1, 0, 0, 67, 0, 0, '2015-01-20 14:37:05', 4);
INSERT INTO `account` (`account_id`, `company_id`, `account_code`, `account`, `balance_sheet_order`, `profit_loss_order`, `postable`, `visible_for_posting`, `inventory_type`, `bank_account_type`, `balance_sheet_section_id`, `profit_loss_section_id`, `fiscal_id`, `last_modified`, `user_id`) VALUES (816, 1, '304-02-012', 'FY 2012', 0, 0, 1, 1, 0, 0, 67, 0, 0, '2015-01-20 14:37:17', 4);
INSERT INTO `account` (`account_id`, `company_id`, `account_code`, `account`, `balance_sheet_order`, `profit_loss_order`, `postable`, `visible_for_posting`, `inventory_type`, `bank_account_type`, `balance_sheet_section_id`, `profit_loss_section_id`, `fiscal_id`, `last_modified`, `user_id`) VALUES (817, 1, '601-58-001', 'VAT DEDUCTIBLE', 0, 0, 1, 1, 0, 0, 0, 76, 142, '2015-04-14 11:25:27', 4);
INSERT INTO `account` (`account_id`, `company_id`, `account_code`, `account`, `balance_sheet_order`, `profit_loss_order`, `postable`, `visible_for_posting`, `inventory_type`, `bank_account_type`, `balance_sheet_section_id`, `profit_loss_section_id`, `fiscal_id`, `last_modified`, `user_id`) VALUES (818, 1, '401-04-006', 'PACIFIC U, INC', 0, 0, 1, 1, 0, 0, 0, 68, 0, '2015-04-15 10:10:22', 4);
INSERT INTO `account` (`account_id`, `company_id`, `account_code`, `account`, `balance_sheet_order`, `profit_loss_order`, `postable`, `visible_for_posting`, `inventory_type`, `bank_account_type`, `balance_sheet_section_id`, `profit_loss_section_id`, `fiscal_id`, `last_modified`, `user_id`) VALUES (819, 1, '105-02-006', 'PACIFIC U, INC', 0, 0, 1, 1, 0, 0, 61, 0, 0, '2015-04-15 10:11:15', 4);
INSERT INTO `account` (`account_id`, `company_id`, `account_code`, `account`, `balance_sheet_order`, `profit_loss_order`, `postable`, `visible_for_posting`, `inventory_type`, `bank_account_type`, `balance_sheet_section_id`, `profit_loss_section_id`, `fiscal_id`, `last_modified`, `user_id`) VALUES (820, 1, '113-08-002', 'RETAINED TAX - CHILE', 0, 0, 1, 1, 0, 0, 61, 0, 0, '2015-05-14 16:08:54', 4);
INSERT INTO `account` (`account_id`, `company_id`, `account_code`, `account`, `balance_sheet_order`, `profit_loss_order`, `postable`, `visible_for_posting`, `inventory_type`, `bank_account_type`, `balance_sheet_section_id`, `profit_loss_section_id`, `fiscal_id`, `last_modified`, `user_id`) VALUES (821, 1, '501-01-009', 'SWITECH CONSULTING SERVICES, LLC', 0, 0, 1, 1, 0, 0, 0, 74, 0, '2015-07-15 16:18:16', 4);
INSERT INTO `account` (`account_id`, `company_id`, `account_code`, `account`, `balance_sheet_order`, `profit_loss_order`, `postable`, `visible_for_posting`, `inventory_type`, `bank_account_type`, `balance_sheet_section_id`, `profit_loss_section_id`, `fiscal_id`, `last_modified`, `user_id`) VALUES (822, 1, '205-02-005', 'LGA, PERSONAL', 0, 0, 1, 1, 0, 0, 64, 0, 0, '2015-07-15 16:58:08', 4);
INSERT INTO `account` (`account_id`, `company_id`, `account_code`, `account`, `balance_sheet_order`, `profit_loss_order`, `postable`, `visible_for_posting`, `inventory_type`, `bank_account_type`, `balance_sheet_section_id`, `profit_loss_section_id`, `fiscal_id`, `last_modified`, `user_id`) VALUES (823, 1, '501-01-010', 'EMERICAN INTEGRATION, INC', 0, 0, 1, 1, 0, 0, 0, 74, 0, '2015-11-13 11:49:30', 4);
INSERT INTO `account` (`account_id`, `company_id`, `account_code`, `account`, `balance_sheet_order`, `profit_loss_order`, `postable`, `visible_for_posting`, `inventory_type`, `bank_account_type`, `balance_sheet_section_id`, `profit_loss_section_id`, `fiscal_id`, `last_modified`, `user_id`) VALUES (824, 1, '501-01-011', 'SCHOOL OF GRADUATES', 0, 0, 1, 1, 0, 0, 0, 74, 0, '2016-01-13 16:43:59', 4);
INSERT INTO `account` (`account_id`, `company_id`, `account_code`, `account`, `balance_sheet_order`, `profit_loss_order`, `postable`, `visible_for_posting`, `inventory_type`, `bank_account_type`, `balance_sheet_section_id`, `profit_loss_section_id`, `fiscal_id`, `last_modified`, `user_id`) VALUES (825, 1, '304-02-015', 'FY 2015', 0, 0, 1, 1, 0, 0, 67, 0, 0, '2016-02-15 11:53:46', 4);
INSERT INTO `account` (`account_id`, `company_id`, `account_code`, `account`, `balance_sheet_order`, `profit_loss_order`, `postable`, `visible_for_posting`, `inventory_type`, `bank_account_type`, `balance_sheet_section_id`, `profit_loss_section_id`, `fiscal_id`, `last_modified`, `user_id`) VALUES (826, 1, '601-49-010', 'MOROCCO TRAVEL', 0, 0, 1, 1, 0, 0, 0, 76, 0, '2016-02-16 13:02:31', 4);
INSERT INTO `account` (`account_id`, `company_id`, `account_code`, `account`, `balance_sheet_order`, `profit_loss_order`, `postable`, `visible_for_posting`, `inventory_type`, `bank_account_type`, `balance_sheet_section_id`, `profit_loss_section_id`, `fiscal_id`, `last_modified`, `user_id`) VALUES (827, 1, '501-01-012', 'JJ CUSTOMER BUSINESS DEVELOPMENT, INC', 0, 0, 1, 1, 0, 0, 0, 74, 0, '2016-03-11 10:57:07', 4);
INSERT INTO `account` (`account_id`, `company_id`, `account_code`, `account`, `balance_sheet_order`, `profit_loss_order`, `postable`, `visible_for_posting`, `inventory_type`, `bank_account_type`, `balance_sheet_section_id`, `profit_loss_section_id`, `fiscal_id`, `last_modified`, `user_id`) VALUES (828, 1, '304-02-016', 'FY 2016', 0, 0, 1, 1, 0, 0, 67, 0, 0, '2017-02-10 13:11:21', 4);
INSERT INTO `account` (`account_id`, `company_id`, `account_code`, `account`, `balance_sheet_order`, `profit_loss_order`, `postable`, `visible_for_posting`, `inventory_type`, `bank_account_type`, `balance_sheet_section_id`, `profit_loss_section_id`, `fiscal_id`, `last_modified`, `user_id`) VALUES (829, 1, '105-01-003', 'INTERNATIONAL TRAVEL AGENCY, INC', 0, 0, 1, 1, 0, 0, 61, 0, 0, '2017-02-15 12:10:19', 4);
INSERT INTO `account` (`account_id`, `company_id`, `account_code`, `account`, `balance_sheet_order`, `profit_loss_order`, `postable`, `visible_for_posting`, `inventory_type`, `bank_account_type`, `balance_sheet_section_id`, `profit_loss_section_id`, `fiscal_id`, `last_modified`, `user_id`) VALUES (830, 1, '105-01-004', 'SIES, PERSONAL', 0, 0, 1, 1, 0, 0, 61, 0, 0, '2017-02-15 12:11:04', 4);
INSERT INTO `account` (`account_id`, `company_id`, `account_code`, `account`, `balance_sheet_order`, `profit_loss_order`, `postable`, `visible_for_posting`, `inventory_type`, `bank_account_type`, `balance_sheet_section_id`, `profit_loss_section_id`, `fiscal_id`, `last_modified`, `user_id`) VALUES (831, 1, '401-01-003', 'INTERNATIONAL TRAVEL AGENCY, INC', 0, 0, 1, 1, 0, 0, 0, 68, 81, '2017-02-15 12:14:20', 4);
INSERT INTO `account` (`account_id`, `company_id`, `account_code`, `account`, `balance_sheet_order`, `profit_loss_order`, `postable`, `visible_for_posting`, `inventory_type`, `bank_account_type`, `balance_sheet_section_id`, `profit_loss_section_id`, `fiscal_id`, `last_modified`, `user_id`) VALUES (832, 1, '401-01-004', 'SIES, PERSONAL', 0, 0, 1, 1, 0, 0, 0, 68, 81, '2017-02-15 12:14:44', 4);
INSERT INTO `account` (`account_id`, `company_id`, `account_code`, `account`, `balance_sheet_order`, `profit_loss_order`, `postable`, `visible_for_posting`, `inventory_type`, `bank_account_type`, `balance_sheet_section_id`, `profit_loss_section_id`, `fiscal_id`, `last_modified`, `user_id`) VALUES (833, 1, '601-62-009', 'CALIFORNIA U', 0, 0, 1, 1, 0, 0, 0, 76, 0, '2017-08-16 13:29:29', 4);
INSERT INTO `account` (`account_id`, `company_id`, `account_code`, `account`, `balance_sheet_order`, `profit_loss_order`, `postable`, `visible_for_posting`, `inventory_type`, `bank_account_type`, `balance_sheet_section_id`, `profit_loss_section_id`, `fiscal_id`, `last_modified`, `user_id`) VALUES (834, 1, '501-01-013', 'CALIFORNIA U', 0, 0, 1, 1, 0, 0, 0, 74, 0, '2017-10-13 16:25:55', 4);
INSERT INTO `account` (`account_id`, `company_id`, `account_code`, `account`, `balance_sheet_order`, `profit_loss_order`, `postable`, `visible_for_posting`, `inventory_type`, `bank_account_type`, `balance_sheet_section_id`, `profit_loss_section_id`, `fiscal_id`, `last_modified`, `user_id`) VALUES (835, 1, '501-01-014', 'ODOO', 0, 0, 1, 1, 0, 0, 0, 74, 0, '2018-01-18 12:31:31', 4);
INSERT INTO `account` (`account_id`, `company_id`, `account_code`, `account`, `balance_sheet_order`, `profit_loss_order`, `postable`, `visible_for_posting`, `inventory_type`, `bank_account_type`, `balance_sheet_section_id`, `profit_loss_section_id`, `fiscal_id`, `last_modified`, `user_id`) VALUES (836, 1, '304-01-015', 'FY 2017', 0, 0, 1, 1, 0, 0, 67, 0, 0, '2018-02-08 13:42:58', 4);
INSERT INTO `account` (`account_id`, `company_id`, `account_code`, `account`, `balance_sheet_order`, `profit_loss_order`, `postable`, `visible_for_posting`, `inventory_type`, `bank_account_type`, `balance_sheet_section_id`, `profit_loss_section_id`, `fiscal_id`, `last_modified`, `user_id`) VALUES (837, 1, '105-02-007', 'TREE INK SOLUTIONS LLC', 0, 0, 1, 1, 0, 0, 61, 0, 0, '2018-12-17 13:42:06', 4);
INSERT INTO `account` (`account_id`, `company_id`, `account_code`, `account`, `balance_sheet_order`, `profit_loss_order`, `postable`, `visible_for_posting`, `inventory_type`, `bank_account_type`, `balance_sheet_section_id`, `profit_loss_section_id`, `fiscal_id`, `last_modified`, `user_id`) VALUES (838, 1, '401-04-007', 'TREE INK SOLUTIONS LLC', 0, 0, 1, 1, 0, 0, 0, 68, 0, '2018-12-17 13:43:39', 4);
INSERT INTO `account` (`account_id`, `company_id`, `account_code`, `account`, `balance_sheet_order`, `profit_loss_order`, `postable`, `visible_for_posting`, `inventory_type`, `bank_account_type`, `balance_sheet_section_id`, `profit_loss_section_id`, `fiscal_id`, `last_modified`, `user_id`) VALUES (839, 1, '601-60-002', 'WE SERVER HOST, INC', 0, 0, 1, 1, 0, 0, 0, 76, 48, '2019-01-17 11:33:10', 4);
INSERT INTO `account` (`account_id`, `company_id`, `account_code`, `account`, `balance_sheet_order`, `profit_loss_order`, `postable`, `visible_for_posting`, `inventory_type`, `bank_account_type`, `balance_sheet_section_id`, `profit_loss_section_id`, `fiscal_id`, `last_modified`, `user_id`) VALUES (840, 1, '304-01-016', 'FY 2018', 0, 0, 1, 1, 0, 0, 67, 0, 0, '2019-02-11 13:23:25', 4);
INSERT INTO `account` (`account_id`, `company_id`, `account_code`, `account`, `balance_sheet_order`, `profit_loss_order`, `postable`, `visible_for_posting`, `inventory_type`, `bank_account_type`, `balance_sheet_section_id`, `profit_loss_section_id`, `fiscal_id`, `last_modified`, `user_id`) VALUES (841, 1, '601-49-011', 'OTHER EUROPE TRAVEL', 0, 0, 1, 1, 0, 0, 0, 76, 0, '2019-05-20 13:22:27', 4);
INSERT INTO `account` (`account_id`, `company_id`, `account_code`, `account`, `balance_sheet_order`, `profit_loss_order`, `postable`, `visible_for_posting`, `inventory_type`, `bank_account_type`, `balance_sheet_section_id`, `profit_loss_section_id`, `fiscal_id`, `last_modified`, `user_id`) VALUES (842, 1, '304-01-017', 'FY 2019', 0, 0, 1, 1, 0, 0, 67, 0, 0, '2020-02-14 12:14:46', 4);
INSERT INTO `account` (`account_id`, `company_id`, `account_code`, `account`, `balance_sheet_order`, `profit_loss_order`, `postable`, `visible_for_posting`, `inventory_type`, `bank_account_type`, `balance_sheet_section_id`, `profit_loss_section_id`, `fiscal_id`, `last_modified`, `user_id`) VALUES (843, 1, '601-50-017', 'ZOOM LICENSES', 0, 0, 1, 1, 0, 0, 0, 76, 0, '2020-06-15 19:33:23', 4);
# 371 records
COMMIT;

# Table structure for table 'company_address' #5
CREATE TABLE `company_address` (
  `company_id` INTEGER NOT NULL DEFAULT 0, 
  `phone_number` VARCHAR(100) NOT NULL DEFAULT '', 
  `address_line_1` VARCHAR(100) NOT NULL DEFAULT '', 
  `address_line_2` VARCHAR(100) NOT NULL DEFAULT '', 
  `zip` VARCHAR(20) NOT NULL DEFAULT '', 
  `city` VARCHAR(100) NOT NULL DEFAULT '', 
  `state` VARCHAR(100) NOT NULL DEFAULT '', 
  `county` VARCHAR(100) NOT NULL DEFAULT '', 
  `modified_date` TIMESTAMP NOT NULL DEFAULT CURRENT_TIMESTAMP, 
  `user_id` INTEGER NOT NULL DEFAULT 0, 
  UNIQUE (`company_id`), 
  PRIMARY KEY (`company_id`), 
  INDEX (`user_id`),
  
  KEY `fkIdx_51` (`company_id`) ,
  CONSTRAINT `FK_51` FOREIGN KEY `fkIdx_51` (`company_id`) REFERENCES `company` (`company_id`),
  
  KEY `fkIdx_52` (`user_id`) ,
  CONSTRAINT `FK_52` FOREIGN KEY `fkIdx_52` (`user_id`) REFERENCES `user` (`user_id`)


) ;

# Dumping data for table 'company_address'
INSERT INTO `company_address` (`company_id`, `phone_number`, `address_line_1`, `address_line_2`, `zip`, `city`, `state`, `county`, `modified_date`, `user_id`) VALUES (0, '', '', '', '', '', '', '', '2002-04-16 12:21:31', 0);
INSERT INTO `company_address` (`company_id`, `phone_number`, `address_line_1`, `address_line_2`, `zip`, `city`, `state`, `county`, `modified_date`, `user_id`) VALUES (1, '(415) 842-4992', '340 Brannan St', '', '94107', 'San Francisco', 'CA', 'United States of America', '2002-04-16 12:28:29', 2);
# 2 records

# Table structure for table 'company_type_id'
CREATE TABLE `company_type_id` (
  `company_id` INTEGER NOT NULL DEFAULT 0, 
  `company_type_code` VARCHAR(20) NOT NULL DEFAULT '', 
  `company_type` VARCHAR(100) NOT NULL DEFAULT '', 

  PRIMARY KEY (`company_id`),
  
  KEY `fkIdx_61` (`company_id`) ,
  CONSTRAINT `FK_61` FOREIGN KEY `fkIdx_61` (`company_id`) REFERENCES `company` (`company_id`)
  
) ;

SET autocommit=0;
# Dumping data for table 'company_type_id'
INSERT INTO `company_type_id` (`company_id`, `company_type_code`, `company_type`) VALUES (-1, 'SP', 'SPANISH');
INSERT INTO `company_type_id` (`company_id`, `company_type_code`, `company_type`) VALUES (0, '', '');
INSERT INTO `company_type_id` (`company_id`, `company_type_code`, `company_type`) VALUES (1, 'PSC', 'PROFESSIONAL SERVICES COMPANY');
# 3 records

# Table structure for table 'company_user'
CREATE TABLE `company_user` (
  `company_id` INTEGER NOT NULL DEFAULT 0, 
  `user_id` INTEGER NOT NULL DEFAULT 0, 
  INDEX (`company_id`), 
  PRIMARY KEY (`company_id`, `user_id`), 
  INDEX (`user_id`),
  
  KEY `fkIdx_71` (`company_id`) ,
  CONSTRAINT `FK_71` FOREIGN KEY `fkIdx_61` (`company_id`) REFERENCES `company` (`company_id`),
  
  KEY `fkIdx_72` (`user_id`) ,
  CONSTRAINT `FK_72` FOREIGN KEY `fkIdx_72` (`user_id`) REFERENCES `user` (`user_id`)
  
  
) ;

# Dumping data for table 'company_user'
INSERT INTO `company_user` (`company_id`, `user_id`) VALUES (0, 0);
INSERT INTO `company_user` (`company_id`, `user_id`) VALUES (1, 2);
INSERT INTO `company_user` (`company_id`, `user_id`) VALUES (1, 3);
INSERT INTO `company_user` (`company_id`, `user_id`) VALUES (1, 4);
# 4 records
COMMIT;

# Table structure for table 'criterion'
CREATE TABLE `criterion` (
  `criterion_id` INTEGER NOT NULL, 
  `company_id` INTEGER NOT NULL DEFAULT 0, 
  `criterion_code` VARCHAR(20) NOT NULL DEFAULT '', 
  `criterion` VARCHAR(100) NOT NULL DEFAULT '', 
  `default_from` VARCHAR(100) NOT NULL DEFAULT '', 
  `default_initial` VARCHAR(100) NOT NULL DEFAULT '', 
  `default_similar` VARCHAR(100) NOT NULL DEFAULT '', 
  `origin_table` VARCHAR(50) NOT NULL DEFAULT '', 
  `data_type` VARCHAR(30) NOT NULL DEFAULT '', 
  `configuration` VARCHAR(3) NOT NULL DEFAULT '', 
  `help_text` VARCHAR(100) NOT NULL DEFAULT '', 
  PRIMARY KEY (`criterion_id`),
  
  KEY `fkIdx_81` (`company_id`) ,
  CONSTRAINT `FK_81` FOREIGN KEY `fkIdx_81` (`company_id`) REFERENCES `company` (`company_id`)

) ;

SET autocommit=0;
# Dumping data for table 'criterion'
INSERT INTO `criterion` (`criterion_id`, `company_id`, `criterion_code`, `criterion`, `default_from`, `default_initial`, `default_similar`, `origin_table`, `data_type`, `configuration`, `help_text`) VALUES (0, 0, '', '', '', '', '', '', '', '', '');
INSERT INTO `criterion` (`criterion_id`, `company_id`, `criterion_code`, `criterion`, `default_from`, `default_initial`, `default_similar`, `origin_table`, `data_type`, `configuration`, `help_text`) VALUES (1, 1, 'FD', 'Closing date', '', '', '', '', 'timestamp', 'FD', 'Last date to be included in the report (use only FROM)');
INSERT INTO `criterion` (`criterion_id`, `company_id`, `criterion_code`, `criterion`, `default_from`, `default_initial`, `default_similar`, `origin_table`, `data_type`, `configuration`, `help_text`) VALUES (2, 1, 'FI', 'Dates', '', '', '', '', 'timestamp', 'FI', 'A set of dates FROM and TO');
INSERT INTO `criterion` (`criterion_id`, `company_id`, `criterion_code`, `criterion`, `default_from`, `default_initial`, `default_similar`, `origin_table`, `data_type`, `configuration`, `help_text`) VALUES (3, 1, 'CTACL', 'Account codes', '0', '99', '', 'account', 'char(20)', '', 'Which accounts do you want to report?');
INSERT INTO `criterion` (`criterion_id`, `company_id`, `criterion_code`, `criterion`, `default_from`, `default_initial`, `default_similar`, `origin_table`, `data_type`, `configuration`, `help_text`) VALUES (4, 1, 'AN', 'Year', '2018', '', '', '', 'int', 'YR', 'Ao del reporte slo se pone en ao desde');
# 5 records

# Table structure for table 'format'
CREATE TABLE `format` (
  `format_id` INTEGER NOT NULL, 
  `company_id` INTEGER NOT NULL DEFAULT 0, 
  `table_format` VARCHAR(40) NOT NULL DEFAULT '', 
  `table_format_id` INTEGER NOT NULL DEFAULT 0, 
  `datawindow` VARCHAR(50), 
  `origin_table` VARCHAR(40) NOT NULL DEFAULT '', 
  `origin_table_id` INTEGER NOT NULL DEFAULT 0, 
  `last_modified` DATETIME, 
  `user_id` INTEGER NOT NULL DEFAULT 0, 
  
  PRIMARY KEY (`format_id`),
  
  KEY `fkIdx_91` (`company_id`) ,
  CONSTRAINT `FK_91` FOREIGN KEY `fkIdx_91` (`company_id`) REFERENCES `company` (`company_id`),

  KEY `fkIdx_92` (`user_id`) ,
  CONSTRAINT `FK_92` FOREIGN KEY `fkIdx_92` (`user_id`) REFERENCES `user` (`user_id`)
  
) ;

# Dumping data for table 'format'
INSERT INTO `format` (`format_id`, `company_id`, `table_format`, `table_format_id`, `datawindow`, `origin_table`, `origin_table_id`, `last_modified`, `user_id`) VALUES (0, 0, '', 0, NULL, '', 0, NULL, 0);
INSERT INTO `format` (`format_id`, `company_id`, `table_format`, `table_format_id`, `datawindow`, `origin_table`, `origin_table_id`, `last_modified`, `user_id`) VALUES (2, 0, 'bank_account', 0, 'd_checking_account_journal', 'account', 0, '2002-07-25 19:55:17', 0);
# 2 records

# Table structure for table 'format_column'
CREATE TABLE `format_column` (
  `format_id` INTEGER NOT NULL DEFAULT 0, 
  `column` VARCHAR(100) NOT NULL DEFAULT '', 
  `company_id` INTEGER NOT NULL DEFAULT 0, 
  `x` INTEGER NOT NULL DEFAULT 0, 
  `y` INTEGER NOT NULL DEFAULT 0, 
  `widht` INTEGER NOT NULL DEFAULT 0, 
  `height` INTEGER NOT NULL DEFAULT 0, 
  `font` VARCHAR(50) NOT NULL DEFAULT '', 
  `font_size` INTEGER NOT NULL DEFAULT 0, 
  `bold` INTEGER NOT NULL DEFAULT 0, 
  `underlined` INTEGER NOT NULL DEFAULT 0, 
  `italic` INTEGER NOT NULL DEFAULT 0, 
  `strikethrough` INTEGER NOT NULL DEFAULT 0, 
  `color` INTEGER NOT NULL DEFAULT 0, 
  INDEX (`company_id`), 
  PRIMARY KEY (`format_id`, `column`),
  
  KEY `fkIdx_101` (`company_id`) ,
  CONSTRAINT `FK_101` FOREIGN KEY `fkIdx_101` (`company_id`) REFERENCES `company` (`company_id`),

  KEY `fkIdx_109` (`format_id`) ,
  CONSTRAINT `FK_109` FOREIGN KEY `fkIdx_109` (`format_id`) REFERENCES `format` (`format_id`)
) ;

# Dumping data for table 'format_column'
INSERT INTO `format_column` (`format_id`, `column`, `company_id`, `x`, `y`, `widht`, `height`, `font`, `font_size`, `bold`, `underlined`, `italic`, `strikethrough`, `color`) VALUES (0, '', 0, 0, 0, 0, 0, '', 0, 0, 0, 0, 0, 0);
INSERT INTO `format_column` (`format_id`, `column`, `company_id`, `x`, `y`, `widht`, `height`, `font`, `font_size`, `bold`, `underlined`, `italic`, `strikethrough`, `color`) VALUES (2, 'band_detail', 0, 0, 0, 0, 192, '', 0, 0, 0, 0, 0, 0);
INSERT INTO `format_column` (`format_id`, `column`, `company_id`, `x`, `y`, `widht`, `height`, `font`, `font_size`, `bold`, `underlined`, `italic`, `strikethrough`, `color`) VALUES (2, 'band_header', 0, 0, 0, 0, 828, '', 0, 0, 0, 0, 0, 0);
INSERT INTO `format_column` (`format_id`, `column`, `company_id`, `x`, `y`, `widht`, `height`, `font`, `font_size`, `bold`, `underlined`, `italic`, `strikethrough`, `color`) VALUES (2, 'beneficiary', 0, 370, 236, 2103, 64, 'Arial', -8, 400, 0, 0, 0, 0);
INSERT INTO `format_column` (`format_id`, `column`, `company_id`, `x`, `y`, `widht`, `height`, `font`, `font_size`, `bold`, `underlined`, `italic`, `strikethrough`, `color`) VALUES (2, 'concept', 0, 64, 500, 2757, 216, 'Arial', -8, 400, 0, 0, 0, 0);
INSERT INTO `format_column` (`format_id`, `column`, `company_id`, `x`, `y`, `widht`, `height`, `font`, `font_size`, `bold`, `underlined`, `italic`, `strikethrough`, `color`) VALUES (2, 'account', 0, 398, 12, 1792, 68, 'Arial', -8, 400, 0, 0, 0, 0);
INSERT INTO `format_column` (`format_id`, `column`, `company_id`, `x`, `y`, `widht`, `height`, `font`, `font_size`, `bold`, `underlined`, `italic`, `strikethrough`, `color`) VALUES (2, 'account_code', 0, 46, 12, 347, 68, 'Arial', -8, 400, 0, 0, 0, 0);
INSERT INTO `format_column` (`format_id`, `column`, `company_id`, `x`, `y`, `widht`, `height`, `font`, `font_size`, `bold`, `underlined`, `italic`, `strikethrough`, `color`) VALUES (2, 'debit', 0, 2194, 12, 288, 68, 'Arial', -8, 400, 0, 0, 0, 0);
INSERT INTO `format_column` (`format_id`, `column`, `company_id`, `x`, `y`, `widht`, `height`, `font`, `font_size`, `bold`, `underlined`, `italic`, `strikethrough`, `color`) VALUES (2, 'date', 0, 1723, 44, 585, 64, 'Arial', -8, 400, 0, 0, 0, 0);
INSERT INTO `format_column` (`format_id`, `column`, `company_id`, `x`, `y`, `widht`, `height`, `font`, `font_size`, `bold`, `underlined`, `italic`, `strikethrough`, `color`) VALUES (2, 'credit', 0, 2487, 12, 288, 68, 'Arial', -8, 400, 0, 0, 0, 0);
INSERT INTO `format_column` (`format_id`, `column`, `company_id`, `x`, `y`, `widht`, `height`, `font`, `font_size`, `bold`, `underlined`, `italic`, `strikethrough`, `color`) VALUES (2, 'amount', 0, 2496, 236, 338, 64, 'Arial', -8, 400, 0, 0, 0, 0);
INSERT INTO `format_column` (`format_id`, `column`, `company_id`, `x`, `y`, `widht`, `height`, `font`, `font_size`, `bold`, `underlined`, `italic`, `strikethrough`, `color`) VALUES (2, 'amount_spelled_out', 0, 73, 328, 2752, 64, 'Arial', -8, 400, 0, 0, 0, 0);
INSERT INTO `format_column` (`format_id`, `column`, `company_id`, `x`, `y`, `widht`, `height`, `font`, `font_size`, `bold`, `underlined`, `italic`, `strikethrough`, `color`) VALUES (2, 'disclaimer', 0, 1870, 140, 955, 64, 'Arial', -7, 400, 0, 0, 0, 0);
# 13 records
COMMIT;